run_id,workload_label,category,gpu_utilization_pct_mean,gpu_utilization_pct_std,gpu_utilization_pct_cv,gpu_utilization_pct_p25,gpu_utilization_pct_p75,gpu_utilization_pct_iqr,gpu_utilization_pct_range,mem_utilization_pct_mean,mem_utilization_pct_std,mem_utilization_pct_cv,mem_utilization_pct_p25,mem_utilization_pct_p75,mem_utilization_pct_iqr,mem_utilization_pct_range,power_draw_w_mean,power_draw_w_std,power_draw_w_cv,power_draw_w_p25,power_draw_w_p75,power_draw_w_iqr,power_draw_w_range,temperature_c_mean,temperature_c_std,temperature_c_cv,temperature_c_p25,temperature_c_p75,temperature_c_iqr,temperature_c_range,sm_clock_mhz_mean,sm_clock_mhz_std,sm_clock_mhz_cv,sm_clock_mhz_p25,sm_clock_mhz_p75,sm_clock_mhz_iqr,sm_clock_mhz_range,mem_clock_mhz_mean,mem_clock_mhz_std,mem_clock_mhz_cv,mem_clock_mhz_p25,mem_clock_mhz_p75,mem_clock_mhz_iqr,mem_clock_mhz_range,mem_used_mb_mean,mem_used_mb_std,mem_used_mb_cv,mem_used_mb_p25,mem_used_mb_p75,mem_used_mb_iqr,mem_used_mb_range,pcie_tx_mbps_mean,pcie_tx_mbps_std,pcie_tx_mbps_cv,pcie_tx_mbps_p25,pcie_tx_mbps_p75,pcie_tx_mbps_iqr,pcie_tx_mbps_range,pcie_rx_mbps_mean,pcie_rx_mbps_std,pcie_rx_mbps_cv,pcie_rx_mbps_p25,pcie_rx_mbps_p75,pcie_rx_mbps_iqr,pcie_rx_mbps_range,mem_growth_rate,gpu_utilization_pct_fft_energy,mem_utilization_pct_fft_energy,power_draw_w_fft_energy,temperature_c_fft_energy,sm_clock_mhz_fft_energy,mem_clock_mhz_fft_energy,mem_used_mb_fft_energy,pcie_tx_mbps_fft_energy,pcie_rx_mbps_fft_energy
02de6a531a6d,nvlink_latency,unknown,0.0,0.0,0.0,0.0,0.0,0.0,0,0.0,0.0,0.0,0.0,0.0,0.0,0,121.35722222222222,0.8086006087336576,0.006662978881028874,120.936,120.992,0.055999999999997385,1.9029999999999916,42.0,0.0,0.0,42.0,42.0,0.0,0,1980.0,0.0,0.0,1980.0,1980.0,0.0,0,2619.0,0.0,0.0,2619.0,2619.0,0.0,0,9109.0,47.43416490252569,0.005207395422386703,9069.0,9159.0,90.0,90,0.7418619791666666,0.779120021246614,1.0502223352537583,0.474609375,0.494140625,0.01953125,2.345703125,2.098415798611111,5.036959016062961,2.4003627007557014,0.4140625,0.435546875,0.021484375,15.125,14.99999999999994,,,,,,,,,
04615f74aca3,bert_sst2,ml_training,77.83076923076923,40.72375275513713,0.5232346173255392,99.0,100.0,1.0,100,12.461538461538462,6.731634559759899,0.5401928967275073,15.0,15.0,0.0,19,41.90696923076923,0.8882977747008391,0.021196898534657813,41.95,42.404,0.4540000000000006,4.040999999999997,52.261538461538464,3.906232692269349,0.07474392846412992,51.0,55.0,4.0,12,1102.8461538461538,317.23656545476985,0.28765260172339185,1185.0,1215.0,30.0,1200,1215.0,0.0,0.0,1215.0,1215.0,0.0,0,4270.092307692307,1761.2362554740218,0.4124585907196552,5139.0,5139.0,0.0,4621,1.7563701923076922,1.1222001455664286,0.6389314450008059,1.4775390625,1.9541015625,0.4765625,4.8154296875,8.663191105769231,7.869392786978958,0.9083711406100673,7.056640625,8.677734375,1.62109375,32.90234375,43.568050699300734,2225.754543323329,412.2414564316384,66.40775414776293,124.784822203479,25980.61820257803,0.0,105569.50955318421,177.1789020239924,1277.0914822703446
0a0cf0b8d0a5,rendering_proxy,rendering,80.31353135313532,8.510802959360824,0.10596972659355745,80.0,83.0,3.0,87,38.32343234323432,4.176796839195182,0.1089880677095347,38.0,39.0,1.0,41,43.742100660066015,0.35207827562184596,0.008048956732780416,43.769,43.798,0.029000000000003467,4.2649999999999935,58.65511551155115,2.0372234961858964,0.03473223909600803,58.0,60.0,2.0,14,1395.1237623762377,97.55664358281008,0.06992687402627082,1395.0,1410.0,15.0,1200,1215.0,0.0,0.0,1215.0,1215.0,0.0,0,1156.6072607260726,63.91358484203503,0.055259539700500696,1163.0,1163.0,0.0,645,19.557783170895213,2.1751944413230153,0.11121886474581627,19.263671875,20.07421875,0.810546875,26.4169921875,126.77603522070957,13.877383467617083,0.10946377557357678,126.5166015625,130.7958984375,4.279296875,147.5810546875,0.02093201981572897,17592.054424870104,8822.798425711306,970.7671584795751,1693.2858617716956,272787.17494569276,0.0,141472.85164871957,5370.965959084735,37933.535265153594
0a3f56331a37,pytorch_resnet_cifar10_amp,ml_training,76.53191489361703,38.94078618700661,0.5088176121115918,92.5,97.0,4.5,98,35.148936170212764,17.990309859578943,0.5118308495013041,43.0,45.0,2.0,45,42.98270212765958,1.5299348084277482,0.035594197960105295,43.357,43.769,0.41199999999999903,4.645999999999994,48.93617021276596,3.0460541497880924,0.06224545436396296,48.0,51.0,3.0,10,1020.0,329.31747600150226,0.3228602705893916,1110.0,1140.0,30.0,1200,1215.0,0.0,0.0,1215.0,1215.0,0.0,0,2516.851063829787,914.9171732225489,0.36351661263181545,2926.0,2927.0,1.0,2409,15.576878324468085,13.644200574311036,0.875926503964717,5.74560546875,32.185546875,26.43994140625,35.810546875,148.23796958111703,159.49164637491538,1.0759162907082611,27.203125,342.0107421875,314.8076171875,349.759765625,21.735892691951914,2093.167746612084,978.9562828137961,79.18084806196808,77.44551715964158,17112.319313703003,0.0,40057.98886393821,1463.9321936019212,16717.00750501874
0ec365ea9cda,gpt2_wikitext2,ml_training,81.1470588235294,38.928905648490904,0.47973279885189557,99.0,100.0,1.0,100,18.029411764705884,8.946707382313868,0.49622846815954275,19.0,23.0,4.0,25,41.90550000000001,0.8692935573722432,0.020744139966150002,41.97025,42.404,0.4337500000000034,4.067,52.61029411764706,5.174256495693308,0.09835064757525008,50.0,57.0,7.0,17,1026.1764705882354,271.2100697997482,0.2642918421663071,1080.0,1125.0,45.0,1200,1215.0,0.0,0.0,1215.0,1215.0,0.0,0,8940.33088235294,3834.6924953834728,0.4289206457618064,10751.0,10751.0,0.0,10233,1.9615047679227942,1.2391006772720834,0.6317092351259305,1.19140625,2.193359375,1.001953125,8.2021484375,8.228407915900736,6.8393392884093505,0.8311862218645836,3.372802734375,9.738525390625,6.36572265625,34.1416015625,54.614023662993176,5372.543113077883,1542.8931183230718,183.64676266796965,399.4174749539245,63268.69588661451,0.0,509205.95420114306,678.630143656965,3469.187596666535
0f4d8760e925,nvlink_bandwidth,unknown,45.611111111111114,48.76973373009715,1.0692511658008552,0.0,99.5,99.5,100,2.7222222222222223,2.9665895561690436,1.0897675916617748,0.0,5.0,5.0,9,122.53088888888891,37.121572709915135,0.30295685476724193,76.76975,157.108,80.33825,88.45299999999999,42.22222222222222,0.8782037520219095,0.02079956254739471,41.25,43.0,1.75,2,1525.8333333333333,753.5528593036497,0.49386315191905356,753.75,1980.0,1226.25,1635,2619.0,0.0,0.0,2619.0,2619.0,0.0,0,5402.555555555556,3970.473526689706,0.7349250712666996,584.5,9051.5,8467.0,8616,5.760416666666667,10.604714444750389,1.8409630859300268,0.572509765625,3.7568359375,3.184326171875,35.083984375,6.564670138888889,12.667267172488392,1.9296121362623093,0.5048828125,2.795654296875,2.290771484375,34.6005859375,684.5036119711042,575.735371802001,44.214017558116126,370.0374245949773,9.666814543603305,13857.690856967094,0.0,51359.38185181267,359.1017679702315,386.7833174208971
13bf1043b834,pytorch_mlp_cifar10,ml_training,6.24,3.3118950237965947,0.5307524075746541,4.0,9.0,5.0,11,0.0,0.0,0.0,0.0,0.0,0.0,0,40.09681333333332,0.26632898236362956,0.006642148345878214,40.087,40.14,0.05299999999999727,1.4909999999999997,31.0,0.6575959492214292,0.02121277255484569,31.0,31.0,0.0,2,1014.0,254.48676490834157,0.2509731409350006,1095.0,1095.0,0.0,885,1215.0,0.0,0.0,1215.0,1215.0,0.0,0,1040.56,182.37177946696124,0.17526310781385598,1105.0,1105.0,0.0,587,16.2201953125,21.412465328688576,1.320111436072972,0.50048828125,28.6337890625,28.13330078125,56.6005859375,168.6719921875,214.41133078049302,1.2711732872691566,0.28515625,323.2001953125,322.9150390625,645.828125,2.3585206258890326,564.1065737500702,0.0,46.7902897733408,56.43602061018749,21861.220227407906,0.0,13840.253580835864,4759.0730904679685,46228.59847345013
172e990deec1,bert_sst2,ml_training,78.04615384615384,39.54207836644986,0.5066499297824381,98.0,99.0,1.0,100,12.584615384615384,6.60939744722502,0.5251966186252917,15.0,15.0,0.0,19,41.852784615384614,0.8412520893790497,0.020100265659497234,41.977,42.404,0.4270000000000067,4.067,51.92307692307692,4.258475711403716,0.08201508777360314,51.0,55.0,4.0,13,1103.5384615384614,317.4787432314897,0.2876915977976876,1185.0,1215.0,30.0,1200,1215.0,0.0,0.0,1215.0,1215.0,0.0,0,4270.092307692307,1761.2362554740218,0.4124585907196552,5139.0,5139.0,0.0,4621,1.7688401442307693,1.1615061336820736,0.6566484466184135,1.4775390625,1.9541015625,0.4765625,4.8642578125,8.675676081730769,8.055415476958833,0.9285057902280854,7.056640625,8.53515625,1.478515625,32.7119140625,43.568050699300734,2269.7711326048016,395.747118770823,56.83172734903913,137.2473122615763,25748.586561582706,0.0,105569.50955318421,193.35214715339765,1326.5867253558743
17de3f9f3997,mining_ethash_proxy,crypto_mining,38.636963696369634,4.112494972380322,0.10643939323473021,39.0,40.0,1.0,42,0.0016501650165016502,0.040622223185119384,24.617052332248633,0.0,0.0,0.0,1,40.38368811881188,0.2664827535531109,0.0065987720775403085,40.114,40.626,0.5120000000000005,1.516999999999996,31.551155115511552,0.5205118133147744,0.01649739324575083,31.0,32.0,1.0,2,1135.3217821782177,79.59258087102812,0.07010574633585594,1125.0,1155.0,30.0,975,1215.0,0.0,0.0,1215.0,1215.0,0.0,0,2029.881188118812,151.31301608127052,0.07454279440927525,2045.0,2045.0,0.0,1527,15.657555306311881,12.899139473970202,0.8238284470849971,14.841064453125,15.7353515625,0.894287109375,327.396484375,104.35673376908004,88.39408134177471,0.8470376385727592,100.338134765625,105.0947265625,4.756591796875,2260.064453125,0.04940317305655527,8979.479475577948,243.0,1307.4185791435139,463.9191241093513,230906.34751323552,0.0,335638.5533121539,76239.47632150297,525909.247117179
184fc886a3ca,mining_ethash_proxy,crypto_mining,39.1056105610561,4.049536433849974,0.10355384753356112,39.0,40.0,1.0,42,0.0,0.0,0.0,0.0,0.0,0.0,0,40.6019092409241,0.21275815629838898,0.005240102258016538,40.679,40.706,0.027000000000001023,1.841000000000001,32.90594059405941,0.3139685036090236,0.009541392767729112,33.0,33.0,0.0,2,1161.3861386138615,80.20722792149206,0.06906163699969073,1170.0,1170.0,0.0,990,1215.0,0.0,0.0,1215.0,1215.0,0.0,0,2029.881188118812,151.31301608127052,0.07454279440927525,2045.0,2045.0,0.0,1527,15.80739963644802,2.2715886037648185,0.14370412944981686,15.591796875,16.1640625,0.572265625,54.5029296875,104.68918239480197,11.08762962428292,0.10590998392139064,105.619140625,107.240234375,1.62109375,126.93359375,0.04940317305655527,9967.644760612597,0.0,1019.1832972790482,481.0521103225205,227440.749625767,0.0,335638.5533121539,10216.344140165584,29275.721000509417
1b48168bcf3c,nbody_sim,scientific_hpc,98.02805280528052,9.535364632855133,0.09727179475551324,99.0,99.0,0.0,99,88.40924092409242,8.84340425185315,0.10002805316862758,89.0,90.0,1.0,90,46.133638613861386,0.584020872853011,0.012659328212296608,46.098,46.158,0.060000000000002274,6.859999999999999,58.585808580858085,1.297829054308478,0.02215261828289196,59.0,59.0,0.0,13,1230.9158415841584,84.26950771452026,0.06846081987701044,1230.0,1245.0,15.0,1200,1215.0,0.0,0.0,1215.0,1215.0,0.0,0,1839.7821782178219,132.28741091584558,0.07190384409741328,1853.0,1853.0,0.0,1335,6.090261125721947,0.7213557459449805,0.11844414072492268,5.912109375,6.150390625,0.23828125,9.537109375,24.867542027640265,22.90595974029225,0.9211187705608846,23.841796875,24.3662109375,0.5244140625,584.4111328125,0.04319137919483109,20410.448256243428,19616.355470530656,1478.2904153106329,1414.0914275287582,290390.24510171014,0.0,293436.45623557654,2031.1213870171462,136319.7532288417
1cc75ce5daba,nvlink_bandwidth,unknown,43.388888888888886,50.06247730573197,1.1538086958801625,0.0,100.0,100.0,100,2.3333333333333335,2.7224556389190906,1.166766701893853,0.0,5.0,5.0,7,121.82955555555554,37.255449856714165,0.3057997682624681,75.973,156.39375,80.42075000000001,91.808,41.388888888888886,0.9164438231805327,0.02214226686825642,40.25,42.0,1.75,2,1525.8333333333333,753.5528593036497,0.49386315191905356,753.75,1980.0,1226.25,1635,2619.0,0.0,0.0,2619.0,2619.0,0.0,0,5402.555555555556,3970.473526689706,0.7349250712666996,584.5,9051.5,8467.0,8616,3.9365234375,7.659919385185568,1.945858955206515,0.5537109375,3.83642578125,3.28271484375,31.4765625,4.157063802083333,10.225060141189173,2.4596832344995887,0.474853515625,0.75927734375,0.284423828125,33.90625,684.5036119711042,656.9991568320611,43.987257186216,366.9211486724366,14.312702595882907,13857.690856967094,0.0,51359.38185181267,237.98089262266777,273.405811149437
1ecf3e016e11,training_dual_gpu_dp,unknown,13.636363636363637,16.72051905820383,1.226171397511695,0.0,32.0,32.0,36,6.136363636363637,7.567445656642257,1.2332133660666589,0.0,14.75,14.75,16,165.5081363636364,54.721664113598294,0.33062824170190164,117.324,231.26375,113.93974999999999,118.46100000000001,42.59090909090909,1.5632411662065915,0.03670363463792693,41.0,44.0,3.0,4,1980.0,0.0,0.0,1980.0,1980.0,0.0,0,2619.0,0.0,0.0,2619.0,2619.0,0.0,0,9525.727272727272,313.97272884579394,0.03296049948277269,9164.5,9759.0,594.5,690,14.432484019886363,23.003412854952945,1.5938637327893748,2.9931640625,8.34130859375,5.34814453125,82.3759765625,27.175426136363637,37.26606175683616,1.3713147153044587,3.634521484375,34.748779296875,31.1142578125,155.494140625,41.666854884246426,296.04470841493037,130.4513628071168,508.05565442085253,20.81842547314219,0.0,0.0,4122.185757941714,855.119849961555,1488.5477979178377
279297ff568c,nbody_sim,scientific_hpc,97.91749174917491,9.80654820759403,0.10015113778255572,99.0,99.0,0.0,99,88.1023102310231,8.82386478224441,0.1001547491661251,89.0,89.0,0.0,90,46.16254950495049,0.5859065985063728,0.012692249556772157,46.068,46.494,0.42600000000000193,6.498999999999995,57.65346534653465,1.505487330984831,0.02611269456067844,58.0,58.0,0.0,13,1225.9653465346535,83.81019753213558,0.06836261544338701,1230.0,1230.0,0.0,1200,1215.0,0.0,0.0,1215.0,1215.0,0.0,0,1839.7821782178219,132.28741091584558,0.07190384409741328,1853.0,1853.0,0.0,1335,6.264316470709571,4.838839239766578,0.77244488869925,5.53125,6.580078125,1.048828125,122.404296875,24.614786380981847,21.58164486546579,0.8767756311411123,23.6982421875,24.1279296875,0.4296875,551.3193359375,0.04319137919483109,22010.65158027391,19066.716562758167,1538.4074661505797,1320.7129172625728,285941.72937757336,0.0,293436.45623557654,28518.566857953752,128175.71451181913
2a1c003e6f12,cufft_benchmark,scientific_hpc,97.9983498349835,9.809676311610401,0.10010042340537899,99.0,99.0,0.0,99,97.92574257425743,9.805855765761176,0.10013562836375968,99.0,99.0,0.0,100,46.05836468646864,0.5698279607043516,0.012371866968594044,46.128,46.158,0.030000000000001137,6.824999999999996,59.006600660066006,2.3077209956974944,0.03910953977764364,59.0,60.0,1.0,16,1032.2772277227723,70.6517173642414,0.06844258060408084,1035.0,1035.0,0.0,1200,1215.0,0.0,0.0,1215.0,1215.0,0.0,0,1784.3366336633662,126.73827607592995,0.07102823182846192,1797.0,1797.0,0.0,1279,4.53321118244637,0.7623652656186859,0.16817333999407863,4.052734375,4.958984375,0.90625,6.5810546875,16.168487649546204,1.6481254258767568,0.1019344209240918,16.1640625,16.4501953125,0.2861328125,21.9814453125,0.04137960598515973,21757.30861957956,21955.827217696427,1301.7416269076978,2010.9530919979034,285163.9192662087,0.0,281127.5112549081,1972.382725929593,4251.953634919957
2e2283976354,gpt2_wikitext2,ml_training,82.66165413533835,37.36224946549519,0.45199010176921456,99.0,100.0,1.0,100,18.57894736842105,8.568980815529109,0.46121993055606203,19.0,24.0,5.0,25,41.89733834586467,0.7274095266789573,0.017361712112993737,41.977,42.376,0.3990000000000009,3.6709999999999994,53.54887218045113,4.879558731622827,0.09112346409628146,52.0,57.0,5.0,17,1071.766917293233,211.43556534127012,0.1972775628072727,1095.0,1125.0,30.0,1200,1215.0,0.0,0.0,1215.0,1215.0,0.0,0,9144.533834586466,3627.293380179222,0.39666247025733253,10751.0,10751.0,0.0,10233,2.9849550634398496,2.898046605451778,0.9708845000638625,1.9072265625,3.1943359375,1.287109375,31.2333984375,9.668166999530076,18.56109606971929,1.9198154178244586,3.48046875,9.9658203125,6.4853515625,209.8076171875,43.22252884585956,3686.4038763586536,1329.4483517911472,180.348426775387,378.0154917531374,54230.753987287426,0.0,495865.46184947196,1559.3696802947252,10756.403436867646
34765a4dc650,bert_sst2,ml_training,77.63076923076923,40.6834461232273,0.5240634161664111,98.0,100.0,2.0,100,12.169230769230769,6.558794741531287,0.5389654338362844,15.0,15.0,0.0,19,41.986430769230765,0.9051126478447108,0.021557265793749114,41.95,42.432,0.4819999999999993,4.092999999999996,52.41538461538462,4.29349911090996,0.08191295632633491,51.0,56.0,5.0,14,1107.6923076923076,318.85179370070017,0.2878523137573167,1200.0,1230.0,30.0,1200,1215.0,0.0,0.0,1215.0,1215.0,0.0,0,4270.092307692307,1761.2362554740218,0.4124585907196552,5139.0,5139.0,0.0,4621,2.5568209134615385,1.4648595467522645,0.5729222326315181,2.001953125,2.765625,0.763671875,5.865234375,9.470943509615385,8.461936754359403,0.8934629105194166,7.2001953125,8.7255859375,1.525390625,33.8076171875,43.568050699300734,2417.8051375139225,419.18684251327653,56.76383064837495,141.78947471887108,25579.88161528842,0.0,105569.50955318421,222.31577753044786,1260.9153613215465
34c10b61fbee,mining_ethash_proxy,crypto_mining,38.49669966996699,4.030768726661776,0.10470426714790973,39.0,40.0,1.0,43,0.0016501650165016502,0.040622223185119384,24.617052332248633,0.0,0.0,0.0,1,40.53947194719471,0.22487944620938916,0.005547172555596236,40.573,40.626,0.05299999999999727,1.4059999999999988,33.07260726072607,3.271415211873314,0.09891615698709137,31.0,33.0,2.0,16,1168.3663366336634,84.36229106751945,0.07220534212797908,1170.0,1185.0,15.0,1200,1215.0,0.0,0.0,1215.0,1215.0,0.0,0,2029.881188118812,151.31301608127052,0.07454279440927525,2045.0,2045.0,0.0,1527,16.190041318584985,13.507200777350786,0.8342906920818797,15.0673828125,16.021484375,0.9541015625,287.8193359375,109.47196169812294,110.50904613568356,1.0094735165102,102.185546875,107.848388671875,5.662841796875,2427.2451171875,0.04940317305655527,9579.622813532285,243.0,973.8467427805426,2775.141218989715,245427.53472256544,0.0,335638.5533121539,65432.25409501004,618067.8582545472
355359f28d64,nbody_sim,scientific_hpc,97.96039603960396,9.723537898541915,0.09925988758264687,99.0,99.0,0.0,99,88.1947194719472,9.01431580461358,0.10220924629596022,89.0,89.0,0.0,90,46.13303135313531,0.5773401627101358,0.012514680821172262,46.098,46.158,0.060000000000002274,6.445999999999998,59.24752475247525,1.693385911862308,0.028581546974466306,59.0,60.0,1.0,14,1227.40099009901,83.92914720813145,0.06837956616060153,1230.0,1230.0,0.0,1200,1215.0,0.0,0.0,1215.0,1215.0,0.0,0,1839.7821782178219,132.28741091584558,0.07190384409741328,1853.0,1853.0,0.0,1335,6.019091313428218,0.9042652119606276,0.15023284491348973,5.578125,6.484375,0.90625,11.4443359375,24.89019795534241,22.69863912654285,0.9119509280864874,23.841796875,24.4140625,0.572265625,579.0234375,0.04319137919483109,17067.783331645194,17000.44146273902,1428.6296926339385,1481.0357661099124,290196.99522834923,0.0,293436.45623557654,2609.146404646553,134902.14746693466
387d940136b1,resnet50_inference,ml_inference,61.98029556650246,21.254866453092866,0.34292941423527556,54.0,76.0,22.0,100,47.31855500821018,17.017608930106434,0.3596392351117673,40.0,60.0,20.0,75,43.442261083743844,1.6872889982546149,0.038839806127106975,41.507,44.808,3.301000000000002,6.367999999999995,51.85550082101806,1.6228650308344332,0.031295908922074435,51.0,53.0,2.0,11,1174.6059113300494,179.13606366978138,0.1525073745515094,1035.0,1335.0,300.0,1200,1215.0,0.0,0.0,1215.0,1215.0,0.0,0,5155.366174055829,543.6883772449913,0.10546067124794656,5221.0,5221.0,0.0,4703,100.907540858477,251.86386686057853,2.4959865706302566,0.3330078125,5.2919921875,4.958984375,899.8388671875,1195.1499352165436,2660.0827610925176,2.225731418885384,0.3330078125,19.931640625,19.5986328125,7862.4248046875,0.3373997458315023,103774.39342597892,83964.59825294052,9040.147716193138,5178.956408183176,871426.1958008308,0.0,880409.721719434,1354558.7199239866,14631080.313311726
3a8b8e79,resnet50_inference_small_bs32,unknown,89.81538461538462,26.303177105055514,0.292858258275021,98.0,98.0,0.0,98,38.06923076923077,11.162081757949048,0.2932048148101151,41.0,42.0,1.0,42,484.79013846153845,116.96217586257454,0.2412635212290166,515.53,522.15725,6.627250000000004,456.3280000000001,54.49230769230769,4.039046156963288,0.07412140039463462,54.0,57.0,3.0,17,1879.3846153846155,394.4356263414478,0.20987488304011512,1980.0,1980.0,0.0,1635,2619.0,0.0,0.0,2619.0,2619.0,0.0,0,1452.4,274.5916940652292,0.18906065413456358,1527.0,1527.0,0.0,1078,30.888529146634614,17.099882313958556,0.5535997597110587,28.5615234375,31.545166015625,2.983642578125,148.0390625,167.56060697115385,75.5318361874712,0.4507732309660558,162.953857421875,168.835693359375,5.8818359375,616.3154296875,1.7799560283494278,4651.471439548684,2015.2052160474832,14509.034559631524,399.87360331009177,75407.81922766811,0.0,50679.16760717529,8672.542610500896,31961.149575033272
4187823fdea4,mining_ethash_proxy,crypto_mining,38.71993410214168,4.241549314779885,0.1095443319578308,39.0,40.0,1.0,42,0.0016474464579901153,0.040588747923409954,24.637355034635338,0.0,0.0,0.0,1,40.41985831960461,0.26473108534946627,0.00654953026429872,40.114,40.626,0.5120000000000005,1.8640000000000043,31.528830313014826,0.4995798061470938,0.015845174120684917,31.0,32.0,1.0,1,1142.8171334431631,84.00094983955545,0.07350340433416301,1140.0,1155.0,15.0,1200,1215.0,0.0,0.0,1215.0,1215.0,0.0,0,2027.3904448105436,163.16726148979473,0.08048141980118781,2045.0,2045.0,0.0,1527,15.556277028418451,8.017736198355678,0.5154019938828133,15.1630859375,15.7353515625,0.572265625,207.8056640625,104.6683194759061,79.88851023000575,0.7632539686245011,101.0888671875,105.2373046875,4.1484375,2048.158203125,0.02457970370001555,7798.664793996622,243.0,1251.5450680569584,342.2187168312109,200524.63555720856,0.0,325018.36541846406,47020.51046082488,473409.6428890599
435afe62,mlp_small_batch_batch16,unknown,11.173913043478262,11.085011067009866,0.9920437919004276,0.0,22.0,22.0,25,0.5652173913043478,0.5897678246195885,1.0434353801731941,0.0,1.0,1.0,2,119.68434782608695,27.981267991622044,0.23379220841849568,105.8885,139.0895,33.20099999999999,68.129,45.0,0.674199862463242,0.014982219165516886,45.0,45.0,0.0,2,1625.2173913043478,688.2875295399142,0.42350490046571126,1980.0,1980.0,0.0,1635,2619.0,0.0,0.0,2619.0,2619.0,0.0,0,958.8695652173913,420.4063298922112,0.43843953874629427,449.0,1307.0,858.0,858,8.320397418478262,7.687608654176565,0.9239472908084508,0.8447265625,10.5439453125,9.69921875,28.7998046875,42.57697860054348,40.230915821080956,0.9448983263369123,0.751953125,81.62255859375,80.87060546875,99.134765625,30.74407114624506,182.57547508820545,16.033858984447892,385.1392124085715,13.014094351836173,13358.21833920748,0.0,6208.307605823657,269.6484612969796,823.4584694095657
482ecf1fb7ca,pytorch_mlp_cifar10,ml_training,5.0131578947368425,2.8071025206435745,0.5599469593867603,3.0,7.0,4.0,11,0.0,0.0,0.0,0.0,0.0,0.0,0,40.049881578947364,0.28379081343389767,0.007085933896393575,40.087,40.1205,0.03349999999999653,1.516999999999996,29.763157894736842,0.4279695021106552,0.014379169831705119,30.0,30.0,0.0,1,1015.0657894736842,252.9551915801856,0.24920078501620543,1095.0,1095.0,0.0,885,1215.0,0.0,0.0,1215.0,1215.0,0.0,0,1043.25,181.22715948039723,0.17371402777879083,1105.0,1105.0,0.0,587,15.760176809210526,21.104260277757106,1.3390877863809445,0.619140625,28.478759765625,27.859619140625,56.41015625,215.45394736842104,273.64331928906057,1.270078003351069,0.28515625,474.690673828125,474.405517578125,645.8759765625,2.180027341079976,395.9211885822116,0.0,36.26607268558291,67.52736484363169,22749.1791951893,0.0,15523.491402267637,4314.599176698448,60767.08279320499
51a7fe09808d,idle,baseline,0.0,0.0,0.0,0.0,0.0,0.0,0,0.0,0.0,0.0,0.0,0.0,0.0,0,39.2182,0.1538801376857768,0.003923692002229911,39.162,39.188,0.026000000000003354,0.6409999999999982,28.0,0.0,0.0,28.0,28.0,0.0,0,210.0,0.0,0.0,210.0,210.0,0.0,0,1215.0,0.0,0.0,1215.0,1215.0,0.0,0,518.0,0.0,0.0,518.0,518.0,0.0,0,0.7593046875,0.29173860141592656,0.38421809562674203,0.619140625,0.9052734375,0.2861328125,2.2412109375,0.2975,0.07085734279559561,0.23817594136947787,0.28515625,0.28515625,0.0,0.7626953125,-1.0284206349727829e-16,0.0,0.0,77.13449599478318,0.0,0.0,0.0,0.0,122.70174342404691,37.62277453345449
531ad690152d,training_dual_gpu_dp,unknown,13.454545454545455,16.285334544065133,1.2103964862932575,0.0,32.0,32.0,34,5.818181818181818,7.162311170195086,1.2310222321656985,0.0,14.0,14.0,15,170.02377272727276,55.117252075683695,0.3241737975298934,120.933,236.82425,115.89125,119.053,43.45454545454545,1.6540649128527982,0.03806425531582024,42.0,45.0,3.0,4,1980.0,0.0,0.0,1980.0,1980.0,0.0,0,2619.0,0.0,0.0,2619.0,2619.0,0.0,0,9661.09090909091,237.59707972610335,0.0245931936633061,9420.5,9835.0,414.5,518,18.836115056818183,33.228637975786626,1.7640918986632879,2.896240234375,8.22119140625,5.324951171875,103.095703125,40.59490411931818,112.22244430208843,2.7644465908695155,0.431640625,36.10986328125,35.67822265625,532.84375,31.14963297571983,275.85105932104085,122.70619036698162,502.61854738330567,26.21960881847542,0.0,0.0,3416.3640958860033,1393.3641828990922,4658.789911947813
55da6323edb3,nbody_sim,scientific_hpc,97.91254125412541,9.570474973443249,0.09774513919014705,99.0,99.0,0.0,99,88.12871287128714,8.61096364348886,0.09770894595916259,89.0,89.0,0.0,90,46.1156303630363,0.5786322162263995,0.012547420726089676,46.068,46.128,0.060000000000002274,6.829000000000001,56.806930693069305,1.2240097303461268,0.02154683795429762,57.0,57.0,0.0,12,1226.0891089108911,83.68952053949329,0.06825729054372293,1230.0,1230.0,0.0,1200,1215.0,0.0,0.0,1215.0,1215.0,0.0,0,1839.7821782178219,132.28741091584558,0.07190384409741328,1853.0,1853.0,0.0,1335,6.1062567682549505,0.9934521679625831,0.16269413578620248,5.8173828125,6.2939453125,0.4765625,21.505859375,23.502562267945546,2.470334809812968,0.10510916986600546,23.5078125,23.876953125,0.369140625,36.859375,0.04319137919483109,20773.820179803144,17914.193403829115,1453.4728588142846,1290.5249948478836,288961.87137446954,0.0,293436.45623557654,5554.663804099144,6965.124322753161
5ad11258e83e,cufft_benchmark,scientific_hpc,97.73762376237623,9.990349242169932,0.1022160029832183,99.0,99.0,0.0,99,97.58745874587459,9.9777326202949,0.10224400500248147,98.0,99.0,1.0,99,45.9919603960396,0.593280042093352,0.012899646741988848,46.068,46.098,0.030000000000001137,6.350000000000001,56.62706270627063,1.2449675037195238,0.021985380208669667,57.0,57.0,0.0,11,1038.8366336633662,72.39189519875295,0.06968554328258486,1035.0,1050.0,15.0,1200,1215.0,0.0,0.0,1215.0,1215.0,0.0,0,1784.3366336633662,126.73827607592995,0.07102823182846192,1797.0,1797.0,0.0,1279,4.605665351691419,3.4791126266833383,0.755398484314594,4.1484375,4.5771484375,0.4287109375,87.2138671875,16.277703112108085,2.1370293511341236,0.13128568178720618,16.1162109375,16.629638671875,0.513427734375,37.3837890625,0.04137960598515973,24652.240007157092,24649.59252963753,1850.717260099677,1120.6622689686735,291554.6045898335,0.0,281127.5112549081,20387.520821949707,7585.933753129296
5e0886c1413c,rendering_proxy,rendering,86.73762376237623,8.682582753408202,0.10010169032408174,87.0,89.0,2.0,90,43.0990099009901,4.405117123224227,0.1022092417724153,43.0,44.0,1.0,44,43.692158415841575,0.42017452255984633,0.009616703266320803,43.798,43.855,0.056999999999995055,4.655000000000001,58.415841584158414,5.2114317952632865,0.0892126459851833,58.0,61.0,3.0,31,1383.7128712871288,96.33272265378388,0.06961901175646767,1380.0,1395.0,15.0,1200,1215.0,0.0,0.0,1215.0,1215.0,0.0,0,1156.6072607260726,63.91358484203503,0.055259539700500696,1163.0,1163.0,0.0,645,21.639413160066006,3.806132020811963,0.1758888742722478,21.421142578125,21.8388671875,0.417724609375,97.65625,138.6797132838284,14.129567311007284,0.10188633201156945,139.1884765625,141.274169921875,2.085693359375,162.4580078125,0.02093201981572897,17979.30776875052,9024.624546288387,953.008285468424,4247.932957399422,301484.4919271801,0.0,141472.85164871957,18466.4208521662,34385.55140221945
605d61b0,mlp_large_batch_batch4096,unknown,2.8181818181818183,8.376373700094591,2.972261634462762,0.0,0.5,0.5,28,0.2727272727272727,0.9045340337332909,3.3166247781944422,0.0,0.0,0.0,3,99.60809090909089,29.723664015240605,0.2984061208649208,71.922,124.9525,53.0305,74.95400000000001,44.36363636363637,1.1200649331826502,0.025247365296580802,43.5,45.0,1.5,3,988.6363636363636,793.5965313340619,0.8027183305439862,345.0,1980.0,1635.0,1635,2619.0,0.0,0.0,2619.0,2619.0,0.0,0,640.4545454545455,341.6478782712879,0.5334459419415611,449.0,725.0,276.0,954,12.422585227272727,17.458991585823426,1.4054233692104825,0.62939453125,18.6884765625,18.05908203125,42.29296875,11.877663352272727,20.887125571395877,1.7585214322176186,0.47900390625,15.2470703125,14.76806640625,67.3515625,41.909090909090885,,,,,,,,,
6415c6fde3ed,pytorch_resnet_cifar10,ml_training,82.8970588235294,35.00709510425393,0.422295984931799,98.0,99.0,1.0,99,47.11764705882353,19.86937147318065,0.4216970225179803,55.0,56.0,1.0,58,43.26261764705882,1.2873167979139382,0.029755869337039522,43.364000000000004,43.77625,0.4122499999999931,4.649000000000001,48.0735294117647,3.778636635086464,0.0786011903274808,47.0,51.0,4.0,13,1016.4705882352941,260.19662316049846,0.25598047417384967,1065.0,1095.0,30.0,1200,1215.0,0.0,0.0,1215.0,1215.0,0.0,0,4498.39705882353,1540.548120518477,0.3424660163104934,5095.0,5095.0,0.0,4577,15.072452320772058,13.66831178190676,0.9068406049732846,4.3388671875,31.196533203125,26.857666015625,31.615234375,95.38164924172794,137.85040285676294,1.4452507788574738,19.5615234375,66.113037109375,46.551513671875,341.55859375,25.115261289460577,3540.90165587394,1985.7582013658555,102.61343796906036,171.49201413258615,31064.39939214707,0.0,107084.47882327734,2159.852007870197,24471.006310622804
6737c94887c4,pytorch_mlp_cifar10,ml_training,5.946666666666666,3.4046602931440475,0.5725325604100081,3.0,9.0,6.0,12,0.0,0.0,0.0,0.0,0.0,0.0,0,40.48541333333334,0.2743410332460717,0.006776293253585704,40.573,40.626,0.05299999999999727,1.0309999999999988,36.266666666666666,2.505849013663688,0.06909510147779209,34.0,38.0,4.0,8,1024.2,241.71129752527364,0.23600009522069676,1095.0,1095.0,0.0,885,1215.0,0.0,0.0,1215.0,1215.0,0.0,0,1042.0,182.19339294396062,0.17484970532033184,1105.0,1105.0,0.0,587,18.458697916666665,22.40988908860338,1.2140557903141729,0.3330078125,29.01513671875,28.68212890625,56.4580078125,134.43501302083334,211.96549108087456,1.5767134343673523,0.3330078125,323.1044921875,322.771484375,645.9228515625,2.2632716927453647,479.1728998782649,0.0,48.29251361715678,185.46226390101154,24023.216048810777,0.0,14826.320527048252,5219.772074631081,50839.59513284009
6a1a5690f566,rendering_proxy,rendering,81.70297029702971,8.701907708906301,0.1065066261014032,81.0,85.0,4.0,95,39.07755775577558,4.171797239488343,0.10675685685001651,39.0,40.75,1.75,41,43.611036303630364,0.4493066195253408,0.010302589839573157,43.712,43.769,0.056999999999995055,5.212000000000003,55.32343234323432,4.838995739799237,0.08746738108528701,55.0,58.0,3.0,27,1396.3861386138615,97.0595424610636,0.06950766681008545,1395.0,1410.0,15.0,1200,1215.0,0.0,0.0,1215.0,1215.0,0.0,0,1156.6072607260726,63.91358484203503,0.055259539700500696,1163.0,1163.0,0.0,645,20.15015373607673,2.7845611275228475,0.13819056488880246,19.8837890625,20.884765625,1.0009765625,63.0380859375,134.72102542285478,125.8295503646225,0.9340008359403574,128.6025390625,134.7060546875,6.103515625,3208.064453125,0.02093201981572897,23373.01135687142,10603.025961788397,1104.9151603995367,3968.2013661840856,296881.50190539006,0.0,141472.85164871957,11923.900877524546,747478.200430533
6a9afe438761,training_single_gpu,unknown,30.31578947368421,45.73116203735206,1.5084931921545621,0.0,95.5,95.5,96,13.736842105263158,20.776167182784643,1.5124412890581298,0.0,43.0,43.0,44,227.79342105263157,143.8253416023584,0.6313849668577401,120.99950000000001,390.1405,269.14099999999996,325.854,44.94736842105263,3.964757022266817,0.08820887988453578,42.0,49.5,7.5,9,1980.0,0.0,0.0,1980.0,1980.0,0.0,0,2619.0,0.0,0.0,2619.0,2619.0,0.0,0,9251.315789473685,79.17424709783334,0.008558160687575997,9160.0,9317.0,157.0,158,17.466025904605264,30.30802718535569,1.7352560536183061,0.4853515625,16.92431640625,16.43896484375,112.4501953125,30.958316200657894,39.30120726639854,1.2694878820410092,0.41015625,64.15087890625,63.74072265625,118.5068359375,12.129824561403302,784.0701075747185,358.37469129080375,1559.8827264852107,53.95196302914296,0.0,0.0,1187.4815663136642,955.6674935173858,799.4441833736121
7806fc567318,bert_sst2,ml_training,77.87692307692308,41.10258039812848,0.527788962039519,99.0,100.0,1.0,100,11.907692307692308,6.348531023303434,0.5331453701292878,15.0,15.0,0.0,19,41.83684615384615,0.8767668630893504,0.02095681065069458,41.977,42.404,0.4270000000000067,4.097999999999999,51.36923076923077,4.389508908925742,0.08545015845301557,50.0,55.0,5.0,14,1106.7692307692307,319.2733825242272,0.28847330920289155,1185.0,1230.0,45.0,1200,1215.0,0.0,0.0,1215.0,1215.0,0.0,0,4270.092307692307,1761.2362554740218,0.4124585907196552,5139.0,5139.0,0.0,4621,2.676397235576923,2.0302388577306303,0.7585715715083009,1.7158203125,2.8603515625,1.14453125,12.68359375,9.295552884615384,8.606219683475969,0.9258426894428043,7.2470703125,8.7734375,1.5263671875,33.7119140625,43.568050699300734,2215.764565455403,352.9813366635842,53.973737721175574,166.11608792541614,26089.278115941368,0.0,105569.50955318421,344.4847395977019,1199.8018302309738
78528816,resnet18_small_batch_batch8,unknown,20.306930693069308,7.75853410672071,0.38206335677240527,20.0,25.0,5.0,29,0.9207920792079208,0.39199919175507714,0.42571955187381844,1.0,1.0,0.0,2,141.46615841584156,19.005468784922233,0.13434639773648954,144.476,149.082,4.6059999999999945,85.35199999999999,44.0990099009901,1.6279124699752725,0.03691494375028607,43.0,45.0,2.0,6,1869.5049504950496,407.78334011487954,0.21812370168192352,1980.0,1980.0,0.0,1635,2619.0,0.0,0.0,2619.0,2619.0,0.0,0,1285.4158415841584,264.6111587717621,0.20585646310803749,1371.0,1371.0,0.0,922,13.772770343440595,14.67297509692868,1.0653611967654317,10.8388671875,13.373046875,2.5341796875,152.0654296875,85.93679416769803,37.44034237806944,0.43567301689858545,76.6767578125,94.3818359375,17.705078125,280.982421875,2.6430751310425173,964.3288362492333,73.29483424775671,1608.7126039259904,117.63468992818633,52178.549091537294,0.0,29185.846724971587,5952.18921791789,9953.909613234624
80ac57351a8a,nvlink_bandwidth,unknown,4.166666666666667,17.67766952966369,4.242640686101051,0.0,0.0,0.0,75,2.388888888888889,2.831314159410969,1.185201275536368,0.0,5.0,5.0,8,114.2567777777778,34.7037424860194,0.30373465067614847,70.1895,145.98875,75.79925000000001,85.424,41.166666666666664,0.8574929257125442,0.020829787668624644,40.25,42.0,1.75,2,1525.8333333333333,753.5528593036497,0.49386315191905356,753.75,1980.0,1226.25,1635,2619.0,0.0,0.0,2619.0,2619.0,0.0,0,5401.555555555556,3970.4146949245996,0.7350502376746365,583.5,9051.0,8467.5,8616,4.903917100694445,7.275770214841002,1.4836650098198059,0.61865234375,5.2626953125,4.64404296875,32.2958984375,6.426323784722222,7.534964848274279,1.1725155935988154,0.5322265625,11.4140625,10.8818359375,27.2333984375,684.5180598555208,600.0,49.4945741233813,364.04799054848974,9.980571638216292,13857.690856967094,0.0,51359.066959567805,231.5129614804992,170.7604658521334
85dc24b69778,resnet50_inference,ml_inference,64.42528735632185,20.99596023857894,0.32589626061159943,54.0,81.0,27.0,100,49.60919540229885,16.742191252553656,0.33748161235931584,41.0,65.0,24.0,75,43.59815106732348,1.7119116460028179,0.03926569370614018,41.534,45.147,3.6129999999999995,6.397999999999996,52.389162561576356,1.7634672005116145,0.033660916003481395,52.0,53.0,1.0,12,1163.6453201970444,175.59652742210358,0.1509021042530539,1035.0,1320.0,285.0,1200,1215.0,0.0,0.0,1215.0,1215.0,0.0,0,5159.888341543514,536.9245487631524,0.10405739683165979,5223.0,5223.0,0.0,4705,112.69530608579639,269.78748239978506,2.3939549194000893,0.3330078125,5.3876953125,5.0546875,902.2236328125,1032.1811146603038,2514.8617429866445,2.4364539393959577,0.3330078125,19.740234375,19.4072265625,7862.90234375,0.3130521151663757,104505.82836615357,83489.15559653164,8828.214309608442,4825.443444822709,806832.614823649,0.0,927843.6870005616,1437763.7079910384,13585614.76874587
86658d5d,resnet18_short_run_short,unknown,16.615384615384617,36.493237870274136,2.196352279097274,0.0,1.0,1.0,98,10.461538461538462,23.11065910143119,2.209107119778581,0.0,0.0,0.0,62,167.68384615384613,148.92416975362895,0.8881247250024685,71.997,128.092,56.09500000000001,443.97299999999996,46.53846153846154,4.054121043567575,0.0871133447359438,44.0,47.0,3.0,12,1113.4615384615386,836.1553499384962,0.7509512641927936,345.0,1980.0,1635.0,1635,2619.0,0.0,0.0,2619.0,2619.0,0.0,0,1785.4615384615386,2021.0723480116776,1.1319607308662742,449.0,3703.0,3254.0,4522,10.092172475961538,13.269872688755374,1.3148678066142752,0.6591796875,14.96875,14.3095703125,42.6142578125,17.438551682692307,22.946926651872882,1.3158734204590936,1.1904296875,35.8388671875,34.6484375,63.2841796875,241.4725274725276,,,,,,,,,
88abb1142640,cufft_benchmark,scientific_hpc,97.93894389438944,9.875651745337828,0.10083477881777253,99.0,99.0,0.0,99,97.74257425742574,9.852619870923826,0.10080172274646733,99.0,99.0,0.0,100,46.01712871287129,0.5922858394702832,0.012870986435356321,46.098,46.128,0.030000000000001137,6.885999999999996,56.51485148514851,2.1325367413279173,0.037734094406150755,57.0,57.0,0.0,16,1038.3663366336634,71.38340980566272,0.06874588214889145,1035.0,1050.0,15.0,1200,1215.0,0.0,0.0,1215.0,1215.0,0.0,0,1784.3366336633662,126.73827607592995,0.07102823182846192,1797.0,1797.0,0.0,1279,5.408352993502476,3.806086918429149,0.7037423264158218,4.7197265625,5.2451171875,0.525390625,74.958984375,17.500678436984323,8.489623202905985,0.4851025194817416,17.0703125,17.546875,0.4765625,220.8232421875,0.04137960598515973,22940.7359702806,23139.223392904467,1392.0209870147473,1972.6807456139825,285858.97317797353,0.0,281127.5112549081,18196.95203085839,49503.65473801643
8c07ad65,resnet50_inference_large_bs1024,unknown,92.82945736434108,25.525148148140033,0.2749681929916153,100.0,100.0,0.0,100,77.86046511627907,21.480275903883935,0.2758816797655753,83.0,85.0,2.0,86,586.2712170542635,138.9705537768569,0.23704140632194323,621.756,628.155,6.399000000000001,564.345,60.15503875968992,4.57310345321407,0.07602195173386704,59.0,63.0,4.0,21,1893.953488372093,361.7269096912302,0.19099038699305854,1980.0,1980.0,0.0,1635,2619.0,0.0,0.0,2619.0,2619.0,0.0,0,11552.054263565891,2943.167554667073,0.2547743879587976,12349.0,12349.0,0.0,11900,23.428794210271317,27.428591549053852,1.1707214337073428,11.63671875,22.9345703125,11.2978515625,186.9970703125,55.84427234738372,59.561084379874856,1.0665567277572148,26.7587890625,36.9755859375,10.216796875,248.9560546875,18.565205724508058,4488.735260647976,3786.686044444274,20130.19454851984,542.5368709965404,69883.33816906415,0.0,483770.31215214665,14077.956268541377,29681.561256681758
8c4a6a2b5ad3,gpt2_wikitext2,ml_training,84.52713178294573,35.760067970297676,0.42306023185196495,99.0,100.0,1.0,100,19.06201550387597,8.289443529635012,0.43486710665588396,19.0,24.0,5.0,26,41.742558139534886,0.8370389673853373,0.02005241184709557,41.48,42.032,0.5519999999999996,4.209000000000003,47.8062015503876,8.39743033554373,0.17565566941178556,44.0,54.0,10.0,27,1073.139534883721,212.47156957557166,0.19799062719126814,1095.0,1140.0,45.0,1200,1215.0,0.0,0.0,1215.0,1215.0,0.0,0,9317.891472868218,3466.557253422312,0.3720323705760945,10751.0,10751.0,0.0,10233,3.247903040213178,3.2054104655370663,0.9869169198904904,2.0498046875,3.3369140625,1.287109375,32.330078125,8.98617671996124,7.61375437759246,0.8472740536954437,3.2421875,10.060546875,6.818359375,34.9521484375,44.39008832737027,5487.578488447534,1692.7795826892095,215.74819139612373,772.7712137182725,55548.93013870348,0.0,466468.81378612487,1717.396345235851,3600.458763411975
8d3b514d9907,nvlink_latency,unknown,1.5555555555555556,4.666666666666666,2.999999998071428,0.0,0.0,0.0,14,0.0,0.0,0.0,0.0,0.0,0.0,0,122.72111111111111,0.7652536253498656,0.006235712978924815,122.313,122.453,0.14000000000000057,1.8329999999999984,42.0,0.0,0.0,42.0,42.0,0.0,0,1980.0,0.0,0.0,1980.0,1980.0,0.0,0,2619.0,0.0,0.0,2619.0,2619.0,0.0,0,9109.0,47.43416490252569,0.005207395422386703,9069.0,9159.0,90.0,90,1.3221571180555556,1.2915462212139563,0.976847760829314,0.46875,2.44921875,1.98046875,2.857421875,2.28515625,5.096152177984798,2.230111037595213,0.4052734375,0.4345703125,0.029296875,15.42578125,14.99999999999994,,,,,,,,,
9355626dd301,nvlink_bandwidth,unknown,44.44444444444444,51.016977822522875,1.1478820009809374,0.0,100.0,100.0,100,2.5,3.0917347120042113,1.236693884307007,0.0,5.0,5.0,10,123.57083333333331,37.649725139610716,0.30468132425509825,77.2725,158.31799999999998,81.04549999999999,92.348,43.833333333333336,1.2485285456935955,0.028483540965744,42.5,45.0,2.5,3,1525.8333333333333,753.5528593036497,0.49386315191905356,753.75,1980.0,1226.25,1635,2619.0,0.0,0.0,2619.0,2619.0,0.0,0,5402.555555555556,3970.473526689706,0.7349250712666996,584.5,9051.5,8467.0,8616,3.1239149305555554,2.68481448671619,0.8594390518115949,0.661376953125,4.042724609375,3.38134765625,9.3125,3.2089301215277777,8.521412397284221,2.655530682161327,0.479736328125,2.026123046875,1.54638671875,36.57421875,684.5036119711042,688.5824299436172,62.071257583027126,379.4579358126957,17.190111005119768,13857.690856967094,0.0,51359.38185181267,80.24219149850597,287.4048789439057
973f4e31295a,bert_sst2,ml_training,80.734375,38.8302133173363,0.48096258027457744,99.0,100.0,1.0,100,12.09375,6.08854962268819,0.5034459635915034,15.0,15.0,0.0,16,42.003484375,0.9770754709552693,0.023261771861801825,41.95,42.459,0.5090000000000003,3.7509999999999977,51.546875,4.503718701568421,0.08737132370257267,50.75,55.0,4.25,14,1104.375,319.88279103446627,0.2896505181973303,1200.0,1215.0,15.0,1200,1215.0,0.0,0.0,1215.0,1215.0,0.0,0,4256.515625,1771.727719166547,0.4162389793097801,5139.0,5139.0,0.0,4621,2.6823577880859375,5.9416562103212796,2.215087127637066,1.65625,2.013916015625,0.357666015625,48.1611328125,9.924331665039062,9.085656786745865,0.9154930621511641,7.03271484375,8.987548828125,1.954833984375,33.951171875,44.77287087912087,2275.7245581800976,368.7088602532053,51.40071532131978,175.6034329146371,25581.35703797846,0.0,106386.80006151623,1221.4883634754892,1047.9051551999098
997e47e8a0b0,bert_sst2,ml_training,77.18461538461538,40.941991092463795,0.5304423801027841,98.0,99.0,1.0,100,13.353846153846154,7.3280939908315545,0.5487627988114994,15.0,19.0,4.0,19,42.06430769230769,0.9846368925122376,0.02340789487589476,41.977,42.83,0.8530000000000015,4.124000000000002,51.16923076923077,4.6049200277028115,0.08999392717824208,50.0,55.0,5.0,15,1110.2307692307693,319.65854679401514,0.2879208139900543,1200.0,1230.0,30.0,1200,1215.0,0.0,0.0,1215.0,1215.0,0.0,0,4270.092307692307,1761.2362554740218,0.4124585907196552,5139.0,5139.0,0.0,4621,2.6008263221153847,1.6337722442798264,0.6281742958994746,1.9072265625,2.7177734375,0.810546875,8.7744140625,8.899474158653845,7.590380988545138,0.8529021886435113,7.15234375,8.9638671875,1.8115234375,33.3310546875,43.568050699300734,2228.0084978639693,377.0760711812062,64.16157873450872,174.53098201977468,25494.62105390706,0.0,105569.50955318421,253.3694110589195,1072.9956059151891
a699571b6e81,nvlink_bandwidth,unknown,5.555555555555555,23.57022603955158,4.242640686355609,0.0,0.0,0.0,100,2.5,3.0917347120042113,1.236693884307007,0.0,5.0,5.0,10,116.29066666666667,35.311741448385796,0.30365069235778863,71.04025,147.68425000000002,76.64400000000002,87.07,44.111111111111114,0.8323523637957304,0.01886944905287594,43.25,45.0,1.75,2,1525.8333333333333,753.5528593036497,0.49386315191905356,753.75,1980.0,1226.25,1635,2619.0,0.0,0.0,2619.0,2619.0,0.0,0,5401.666666666667,3970.2835578094123,0.735010840692751,584.0,9051.0,8467.0,8616,9.41015625,15.399265947033854,1.6364516737325592,1.159912109375,8.712646484375,7.552734375,64.828125,11.854654947916666,11.224021668132016,0.9468028986501813,0.53466796875,18.385009765625,17.850341796875,35.7333984375,684.5036119711041,800.0,62.071257583027126,383.7615179335198,9.931005342473618,13857.690856967094,0.0,51359.25037094644,436.2193107381306,357.68904968738525
a8610b226b27,resnet50_inference,ml_inference,64.36677631578948,22.44382366181692,0.3486864644480052,56.0,80.0,24.0,100,47.46217105263158,17.348313181332045,0.3655187446383078,39.0,59.0,20.0,73,43.448638157894734,1.7048219985613775,0.03923763944744881,41.507,45.147,3.6400000000000006,6.372,52.07401315789474,1.4233111081330696,0.027332464348197725,51.0,53.0,2.0,11,1176.5871710526317,170.61157258055187,0.14500546731932282,1065.0,1335.0,270.0,1200,1215.0,0.0,0.0,1215.0,1215.0,0.0,0,5161.106907894737,536.2786473125748,0.1039076804419895,5223.0,5223.0,0.0,4705,117.55608649002879,268.1116732651175,2.2807128177542575,0.619140625,5.53125,4.912109375,899.5048828125,1006.5236189992804,2357.486986611577,2.3422073184463645,0.380859375,19.847900390625,19.467041015625,7861.8525390625,0.3013039739466815,111934.29076254655,87815.6892411507,9165.317470565065,4730.770849435122,821169.8030864457,0.0,991224.3572760783,1441366.771005315,12652144.906961238
ad44e624b85a,pytorch_resnet_cifar10,ml_training,80.98550724637681,35.715581026321566,0.44101200622508197,96.0,99.0,3.0,99,46.10144927536232,20.431481567551174,0.4431852336153572,54.0,56.0,2.0,58,43.26397101449276,1.3626705718488157,0.03149665968851647,43.712,43.798,0.08599999999999852,4.7039999999999935,49.492753623188406,3.3414649323744445,0.06751422557223373,48.0,52.0,4.0,12,1026.9565217391305,267.86632063195304,0.2608351132315377,1065.0,1095.0,30.0,1200,1215.0,0.0,0.0,1215.0,1215.0,0.0,0,4474.739130434783,1555.600164606176,0.34764041416972613,5095.0,5095.0,0.0,4577,15.937641530797102,17.958271366260664,1.1267834911729075,5.3876953125,31.8046875,26.4169921875,113.1533203125,105.45788043478261,144.17618502542825,1.367144725739322,19.025390625,334.9775390625,315.9521484375,340.033203125,16.69225429302158,3613.4097717726927,2072.6102738051854,126.3698324560864,170.17608218985137,33986.70708019078,0.0,102656.78112064103,3495.4264350411113,26297.917158918757
ad8b8fd00019,nvlink_latency,unknown,0.6666666666666666,1.9999999999999998,2.9999999955,0.0,0.0,0.0,6,0.0,0.0,0.0,0.0,0.0,0.0,0,118.35755555555556,0.7699052070078349,0.006504909664511837,117.954,118.013,0.05900000000001171,1.7800000000000011,41.0,0.0,0.0,41.0,41.0,0.0,0,1980.0,0.0,0.0,1980.0,1980.0,0.0,0,2619.0,0.0,0.0,2619.0,2619.0,0.0,0,9069.0,0.0,0.0,9069.0,9069.0,0.0,0,1.4371744791666667,1.4575825893237428,1.014200161106889,0.4677734375,2.65625,2.1884765625,3.2353515625,2.0951605902777777,5.040737379092803,2.405895471725441,0.4111328125,0.4169921875,0.005859375,15.1298828125,5.317809029282373e-13,,,,,,,,,
b0778ddc,cufft_concurrent_concurrent,unknown,92.8671875,23.852688022229838,0.25684731781042675,99.0,99.0,0.0,99,92.28125,23.893114186137627,0.2589162390613338,98.0,99.0,1.0,99,563.50721875,122.59657422009374,0.2175599001053191,593.55725,598.33875,4.781500000000051,531.575,54.875,3.743761214540273,0.06822343898810114,54.0,57.0,3.0,18,1916.1328125,318.0156330306265,0.16596742718243102,1980.0,1980.0,0.0,1635,2619.0,0.0,0.0,2619.0,2619.0,0.0,0,5361.859375,1257.194193397113,0.2344698182982239,5685.0,5685.0,0.0,5236,26.91675567626953,28.258496319951146,1.0498477847318977,10.553466796875,26.697998046875,16.14453125,113.830078125,48.09062957763672,38.683767819448576,0.8043930420206654,25.002685546875,55.114501953125,30.11181640625,157.0810546875,7.014906839406691,4302.246489941033,4410.5620550179265,16706.001763010616,484.0140635039253,82507.03211948612,0.0,224933.4044881519,13073.951466986999,17221.7224240212
b0893b64,idle_h100,baseline,0.0,0.0,0.0,0.0,0.0,0.0,0,0.0,0.0,0.0,0.0,0.0,0.0,0,68.98709448818899,2.773615577536567,0.04020484698005686,68.2225,69.10249999999999,0.8799999999999955,31.156999999999996,42.732283464566926,2.079563518372697,0.04866492847377043,41.0,44.0,3.0,8,346.53543307086613,17.30345193361423,0.049932706102310064,345.0,345.0,0.0,195,2619.0,0.0,0.0,2619.0,2619.0,0.0,0,449.0,0.0,0.0,449.0,449.0,0.0,0,2.650867372047244,6.504316534896561,2.4536559622066916,0.59716796875,3.77294921875,3.17578125,46.27734375,1.6202555979330708,5.374435260973776,3.317029278906866,0.52685546875,0.55810546875,0.03125,42.2626953125,-4.616764142380088e-16,0.0,0.0,1520.9981863423097,305.05716416554833,9945.0,0.0,0.0,3428.9645805860846,2898.1079227977125
b32ed81ee840,resnet50_inference,ml_inference,65.84893267651888,22.822185283812846,0.3465839817872164,60.0,81.0,21.0,97,49.75205254515599,18.13026511250914,0.36441240480861214,43.0,63.0,20.0,73,43.51463711001642,1.6870920378216205,0.03877067924334147,41.507,45.117,3.6099999999999994,5.988999999999997,51.558292282430216,1.547589713396099,0.030016310565302854,51.0,53.0,2.0,11,1168.0295566502464,171.6887649780976,0.14699008599605234,1050.0,1320.0,270.0,1200,1215.0,0.0,0.0,1215.0,1215.0,0.0,0,5148.178981937603,582.3470624434038,0.11311709722728301,5223.0,5223.0,0.0,4705,143.62295066194582,299.47778109101273,2.0851666095750034,1.66796875,9.25,7.58203125,903.845703125,1230.4297099497126,2630.5100389101626,2.1378791633823058,0.5712890625,20.9326171875,20.361328125,7862.5673828125,0.2759701862060446,113500.39199194749,90920.32261145236,8909.259949160356,5490.5740967067995,813730.7979936587,0.0,937656.6100681773,1608722.2164146288,14345683.55339003
b83769f806b3,rendering_proxy,rendering,86.52145214521452,8.593022455026064,0.09931666935622536,87.0,88.0,1.0,95,43.20957095709571,4.3648453795660105,0.10101570746441807,43.0,44.0,1.0,44,43.57327722772278,0.380065639015032,0.008722447866843008,43.371,43.827,0.45599999999999596,4.570999999999998,56.70792079207921,2.247975022727487,0.03964128804739807,55.0,59.0,4.0,12,1389.7772277227723,96.63850100896872,0.06953524570786555,1395.0,1410.0,15.0,1200,1215.0,0.0,0.0,1215.0,1215.0,0.0,0,1156.6072607260726,63.91358484203503,0.055259539700500696,1163.0,1163.0,0.0,645,21.569711414500826,2.3121943232512763,0.10719634948799751,21.3623046875,21.88671875,0.5244140625,35.0478515625,138.52048525165017,14.033062034167385,0.10130676346225768,138.866455078125,140.9052734375,2.038818359375,176.3828125,0.02093201981572897,20216.25730679228,9656.52102665587,1120.3275998891472,1381.9122780155135,293792.9114710167,0.0,141472.85164871957,5879.419126208806,33387.36914617055
b9b97d1feda3,pytorch_resnet_cifar10_amp,ml_training,77.19148936170212,38.35964721800895,0.49694140551903654,96.0,98.0,2.0,98,35.148936170212764,17.89702273443007,0.5091767969093718,43.5,45.0,1.5,46,42.9778085106383,1.4643721853809226,0.03407275140574871,43.343,43.769,0.4259999999999948,4.674999999999997,47.97872340425532,3.293533596650627,0.0686457113256555,47.0,50.0,3.0,11,1035.6382978723404,328.84120824573984,0.3175251522862835,1102.5,1140.0,37.5,1200,1215.0,0.0,0.0,1215.0,1215.0,0.0,0,2479.1063829787236,934.1048082439459,0.37679093348193193,2926.0,2927.0,1.0,2409,18.55155003324468,14.554186734936579,0.7845267219219263,6.03125,32.853515625,26.822265625,35.046875,230.4507770944149,640.2610737979873,2.7782986105223513,23.4599609375,340.9619140625,317.501953125,4402.2080078125,25.22317298797412,1939.59719374891,942.1443335767691,70.31724008123997,108.37938377698882,21563.052987542593,0.0,36685.15050790193,1441.5874055954969,83100.43792243449
bb63f451f7bc,nvlink_bandwidth,unknown,6.833333333333333,23.872824816219016,3.4935841189354293,0.0,0.0,0.0,100,2.611111111111111,3.031964785005977,1.16117800232354,0.0,5.0,5.0,10,115.02888888888889,34.797848234504876,0.3025139907924785,70.50675,146.57775,76.07100000000001,83.55600000000001,42.111111111111114,0.8323523637957304,0.01976562341420497,41.25,43.0,1.75,2,1525.8333333333333,753.5528593036497,0.49386315191905356,753.75,1980.0,1226.25,1635,2619.0,0.0,0.0,2619.0,2619.0,0.0,0,5401.555555555556,3970.4146949245996,0.7350502376746365,583.5,9051.0,8467.5,8616,10.207682291666666,17.464703497141002,1.7109372134052288,0.616943359375,5.243896484375,4.626953125,60.650390625,9.076171875,10.703687887102944,1.1793174516016562,0.5361328125,11.418212890625,10.882080078125,38.9677734375,684.5180598555208,767.0753005601923,54.864644391125125,366.7692585918072,9.931005342473618,13857.690856967094,0.0,51359.066959567805,615.6632020682931,312.27556785303705
bf91990ff49c,nbody_sim,scientific_hpc,97.6980198019802,10.402458198339575,0.10647562989830688,99.0,99.0,0.0,99,87.93564356435644,9.421663984125544,0.10714271940391358,89.0,89.0,0.0,90,46.13121617161716,0.6053594037743582,0.013122554617012049,46.068,46.158,0.09000000000000341,6.942,57.305280528052805,1.570662387146606,0.02740868507484763,57.0,58.0,1.0,13,1226.2128712871288,83.25638525239852,0.06789717120236897,1230.0,1230.0,0.0,1110,1215.0,0.0,0.0,1215.0,1215.0,0.0,0,1839.7821782178219,132.28741091584558,0.07190384409741328,1853.0,1853.0,0.0,1335,6.17467737984736,7.018840744925478,1.1367137604138715,5.4833984375,5.8642578125,0.380859375,124.8837890625,24.392576513510726,22.581287749018767,0.9257442622178738,23.4599609375,23.841796875,0.3818359375,576.0185546875,0.04319137919483109,25178.758793949808,22375.209690376454,1553.668853847519,1336.0368903190101,270969.5659074176,0.0,293436.45623557654,38019.64549819567,134533.81958182188
c37e2ec8123e,resnet50_inference,ml_inference,65.97536945812809,22.62482300533676,0.3429283259922159,59.0,81.0,22.0,100,50.03448275862069,17.807924198143475,0.3559130266959609,43.0,63.0,20.0,74,43.548847290640396,1.6930875937165095,0.03887789686781247,41.507,45.147,3.6400000000000006,6.015000000000001,52.251231527093594,1.8454075182674667,0.03531797173575245,51.0,53.0,2.0,12,1170.8620689655172,174.2194642777102,0.14879589056248801,1050.0,1335.0,285.0,1200,1215.0,0.0,0.0,1215.0,1215.0,0.0,0,5152.637110016421,559.2632824360168,0.10853923350214856,5221.0,5221.0,0.0,4703,141.68758178109607,327.07650139566914,2.308434495682805,1.048828125,6.484375,5.435546875,2762.890625,1220.6873556804187,3070.2037680750827,2.5151434179976553,0.380859375,20.5986328125,20.2177734375,31663.8955078125,0.3638097327830588,112038.25369496018,89500.16724455397,8776.172946494395,5646.45532521202,828585.5512621542,0.0,947867.8045705322,1785346.0871699913,16285033.832358573
c38de51b,resnet50_concurrent_concurrent,unknown,92.85271317829458,25.55481265070051,0.27521880379903674,100.0,100.0,0.0,100,73.62015503875969,20.31632417788157,0.27596144244615384,79.0,80.0,1.0,80,560.6686821705426,131.0896908140916,0.23380954738967086,596.38,598.633,2.2530000000000427,530.914,57.69767441860465,3.4040523900813584,0.058998086566288396,58.0,59.0,1.0,14,1903.953488372093,345.6575902461387,0.18154728692532254,1980.0,1980.0,0.0,1635,2619.0,0.0,0.0,2619.0,2619.0,0.0,0,3744.860465116279,855.1807625455024,0.22836118208177894,3971.0,3971.0,0.0,3522,21.59416636385659,16.29705595105073,0.7546971564307924,13.1708984375,26.81640625,13.6455078125,87.96484375,55.57754209060077,30.093028703237177,0.5414602296308643,45.953125,58.1123046875,12.1591796875,268.0380859375,5.08770125223614,4153.229360176511,3399.2734172592654,18660.391785910837,423.40494526541744,78441.89192197283,0.0,144676.07165938712,8774.686564902855,14881.812954424298
c72d54e2edc1,idle,baseline,0.0,0.0,0.0,0.0,0.0,0.0,0,0.0,0.0,0.0,0.0,0.0,0.0,0,39.245400000000004,0.18021523869546818,0.004592009221230416,39.162,39.188,0.026000000000003354,0.615000000000002,28.04,0.19674775073518588,0.0070166815523598144,28.0,28.0,0.0,1,210.0,0.0,0.0,210.0,210.0,0.0,0,1215.0,0.0,0.0,1215.0,1215.0,0.0,0,518.0,0.0,0.0,518.0,518.0,0.0,0,0.72953125,0.27443783932622134,0.37618380151643616,0.619140625,0.810546875,0.19140625,1.8603515625,0.295546875,0.05233667920052072,0.17708419019296526,0.28515625,0.28515625,0.0,0.572265625,-1.0284206349727829e-16,0.0,0.0,90.3142374396372,63.58050181897582,0.0,0.0,0.0,105.53868438067514,28.042340636301926
d0a455693eb4,pytorch_resnet_cifar10,ml_training,83.33823529411765,34.02220973200136,0.4082425025142636,98.0,99.0,1.0,99,47.55882352941177,19.53594647221906,0.4107743846886096,56.0,57.0,1.0,58,43.00566176470589,1.399133800375097,0.03253371167725669,43.314,43.769,0.4549999999999983,5.073,41.98529411764706,5.702821106164921,0.13582901408405545,39.0,46.0,7.0,20,1024.8529411764705,264.9584177291764,0.2585331095647355,1065.0,1095.0,30.0,1200,1215.0,0.0,0.0,1215.0,1215.0,0.0,0,4556.573529411765,1485.504942708451,0.32601360059691553,5095.0,5095.0,0.0,4577,17.064625459558822,17.336840227597712,1.0159519918950495,5.50732421875,32.186279296875,26.678955078125,103.5693359375,96.87593347886029,139.75477708487594,1.4426160560706216,18.19091796875,101.7802734375,83.58935546875,338.7451171875,20.96249570561513,2822.3688018277126,1632.7611150926632,112.92133415256049,281.6971664984563,28998.372839812826,0.0,110539.6590494078,2498.889281127098,19930.81728435169
d2de272d44bd,nbody_sim,scientific_hpc,97.95874587458746,9.827265885698123,0.10032045426734276,99.0,99.0,0.0,99,88.18151815181518,8.860911749377063,0.10048490811897164,89.0,89.0,0.0,90,46.18694059405941,0.5855194880149305,0.012677165460003715,46.098,46.525,0.4269999999999996,6.472000000000001,60.14191419141914,1.9990887922341738,0.033239527192936574,59.0,61.0,2.0,15,1225.8415841584158,84.04122160616505,0.06855797901797711,1230.0,1230.0,0.0,1200,1215.0,0.0,0.0,1215.0,1215.0,0.0,0,1839.7821782178219,132.28741091584558,0.07190384409741328,1853.0,1853.0,0.0,1335,5.96820853960396,0.742235389631078,0.12436485497806794,5.76953125,6.0078125,0.23828125,9.3466796875,23.598934160994226,2.4820475993078635,0.10517625848141772,23.6025390625,23.984375,0.3818359375,26.4638671875,0.04319137919483109,20233.957462628594,17965.133905379465,1502.9533224577985,1654.5098160184384,289180.0695356823,0.0,293436.45623557654,2197.7830453839824,6943.914196253792
d5e2c5e7290a,nvlink_latency,unknown,1.2222222222222223,3.6666666666666665,2.999999997545454,0.0,0.0,0.0,11,0.0,0.0,0.0,0.0,0.0,0.0,0,118.84866666666666,0.743758025166788,0.006258025824105697,118.457,118.535,0.07800000000000296,1.7279999999999944,42.0,0.0,0.0,42.0,42.0,0.0,0,1980.0,0.0,0.0,1980.0,1980.0,0.0,0,2619.0,0.0,0.0,2619.0,2619.0,0.0,0,9069.0,0.0,0.0,9069.0,9069.0,0.0,0,3.8695746527777777,8.08200775498706,2.088603652367006,0.474609375,3.0498046875,2.5751953125,24.6767578125,3.6070963541666665,6.3937053578180265,1.7725352273054553,0.3837890625,0.4169921875,0.033203125,15.375,5.317809029282373e-13,,,,,,,,,
d6eae34c9e88,rendering_proxy,rendering,82.45544554455445,9.301230437549734,0.11280310689014529,82.0,86.0,4.0,88,39.305280528052805,4.546276853311846,0.11566580347776503,39.0,41.0,2.0,42,43.72534488448845,0.36740699822633877,0.008402609497730312,43.741,43.798,0.05700000000000216,4.674999999999997,57.51980198019802,1.6074528777266768,0.027946078087197145,58.0,58.0,0.0,13,1390.7920792079208,97.54015746000537,0.07013281058911838,1395.0,1410.0,15.0,1200,1215.0,0.0,0.0,1215.0,1215.0,0.0,0,1156.6072607260726,63.91358484203503,0.055259539700500696,1163.0,1163.0,0.0,645,20.947797416460396,16.09884368397923,0.7685220246860193,19.8837890625,21.1708984375,1.287109375,411.7021484375,135.59508109014027,124.13367080256708,0.9154732590862246,129.568359375,136.7568359375,7.1884765625,3164.767578125,0.02093201981572897,18943.965671080052,9632.040290932131,1010.040088663316,1662.0423031919768,270960.25943887624,0.0,141472.85164871957,95867.40596381003,734917.1862523253
d9238d5a9968,mining_ethash_proxy,crypto_mining,38.90759075907591,3.983607958595101,0.1023863950651703,39.0,40.0,1.0,43,0.0,0.0,0.0,0.0,0.0,0.0,0,40.63383498349836,0.21525291485284212,0.005297381232535896,40.679,40.706,0.027000000000001023,0.9939999999999998,34.914191419141915,3.523601171086893,0.10092174636626802,33.0,35.0,2.0,18,1150.618811881188,80.2145155506927,0.06971423960944753,1155.0,1170.0,15.0,1200,1215.0,0.0,0.0,1215.0,1215.0,0.0,0,2029.881188118812,151.31301608127052,0.07454279440927525,2045.0,2045.0,0.0,1527,15.401125464108912,1.6594822645882872,0.10775071395579673,15.2587890625,15.7353515625,0.4765625,19.3125,103.19288720864274,10.92859046474435,0.10590449361633075,103.5205078125,105.034912109375,1.514404296875,124.025390625,0.04940317305655527,10070.147204954817,0.0,1004.4156820444866,3299.7380261370054,242554.56284652144,0.0,335638.5533121539,4454.202628502426,27452.77028935664
d965eaef1e16,pytorch_resnet_cifar10_amp,ml_training,76.97872340425532,38.83940701742638,0.5045472995564749,96.5,98.0,1.5,98,34.93617021276596,18.108854734534837,0.5183411525571104,43.0,45.0,2.0,46,42.927978723404266,1.4658551219912215,0.03414684701094237,43.314,43.769,0.4549999999999983,4.674999999999997,47.808510638297875,3.4366205459809325,0.07188302877513365,47.0,50.0,3.0,12,1027.0212765957447,322.25877323785875,0.31378003609207816,1102.5,1140.0,37.5,1200,1215.0,0.0,0.0,1215.0,1215.0,0.0,0,2479.1063829787236,934.1048082439459,0.37679093348193193,2926.0,2927.0,1.0,2409,18.561668882978722,14.724098296589943,0.7932529337003134,4.625,33.0439453125,28.4189453125,35.380859375,125.31023520611703,153.90646802104817,1.2282034884593929,11.06201171875,338.578125,327.51611328125,348.94921875,25.22317298797412,1954.988041170971,958.4526495335926,69.37743384067234,117.22471221981627,18506.451645148674,0.0,36685.15050790193,1368.5651945168258,17298.41626310909
dbd124ff5cc7,gpt2_wikitext2,ml_training,84.22307692307692,36.18241154466954,0.42960210985032354,99.0,100.0,1.0,100,18.915384615384614,8.323902833290166,0.44005993016287676,19.0,24.0,5.0,25,41.65855384615384,0.8656463110519244,0.02077955740441687,41.48,42.005,0.5250000000000057,4.177999999999997,45.823076923076925,8.156858895941534,0.17800766433595072,41.25,52.0,10.75,26,1072.6153846153845,212.70062611714644,0.1983009279633051,1095.0,1140.0,45.0,1200,1215.0,0.0,0.0,1215.0,1215.0,0.0,0,9322.238461538462,3471.4806567871333,0.3723870260463019,10751.0,10751.0,0.0,10233,3.653523137019231,16.72755490446609,4.578472414857891,1.441650390625,2.2880859375,0.846435546875,192.166015625,78.28952073317308,798.2649285096255,10.196319009540007,3.254150390625,9.822265625,6.568115234375,9109.353515625,44.039265864616524,4389.3306067420635,1475.5992286866867,178.48909474443752,726.2411972058565,56386.10854817547,0.0,478255.6486908366,10133.666203952995,482733.64888030646
dc0185c6c987,gpt2_wikitext2,ml_training,85.17692307692307,35.398608430717246,0.41558918955470203,99.25,100.0,0.75,100,18.96153846153846,8.088084686367848,0.42655213353848626,19.0,23.0,4.0,25,41.90821538461538,0.7247182182652169,0.01729298686657915,41.95675,42.404,0.4472500000000039,3.669000000000004,52.16923076923077,5.0472779701115185,0.09674817695398409,50.0,56.0,6.0,18,1068.1153846153845,212.38427344424557,0.19884019695168395,1095.0,1125.0,30.0,1200,1215.0,0.0,0.0,1215.0,1215.0,0.0,0,9321.73076923077,3472.7699928266084,0.3725456225671286,10751.0,10751.0,0.0,10233,2.5399564302884614,1.707899369351939,0.6724128604385395,1.763671875,2.896240234375,1.132568359375,15.974609375,9.528553185096154,13.212237183527355,1.3865942631045338,3.778564453125,9.7265625,5.947998046875,135.9462890625,44.05999535703074,4576.779084159954,1489.4630582360576,164.20290135617847,349.7978322888411,58424.803350837945,0.0,478472.9042467913,937.2189927319528,7697.81811975751
dd8a9fd9c906,cufft_benchmark,scientific_hpc,97.98844884488449,9.816070407810749,0.10017579136546381,99.0,99.0,0.0,99,97.86138613861387,9.80726298880795,0.10021586016384876,99.0,99.0,0.0,100,46.033156765676566,0.5629680790493635,0.012229621398828258,46.098,46.128,0.030000000000001137,6.475999999999999,57.1996699669967,1.269372158203475,0.0221919489905045,57.0,58.0,1.0,11,1034.1336633663366,71.5278385759765,0.06916691827153969,1035.0,1035.0,0.0,1200,1215.0,0.0,0.0,1215.0,1215.0,0.0,0,1784.3366336633662,126.73827607592995,0.07102823182846192,1797.0,1797.0,0.0,1279,5.258088064665841,1.077741399926354,0.2049683052978455,4.8154296875,5.578125,0.7626953125,23.556640625,17.905208977929043,15.643154274633567,0.8736649928544551,17.1181640625,17.642578125,0.5244140625,399.0166015625,0.04137960598515973,21911.846846497192,22120.235993787453,1389.2317243269672,1345.9950141795134,288721.61172949243,0.0,281127.5112549081,5172.743393315776,92833.45358037972
e08b1ef6,resnet18_large_batch_batch2048,unknown,25.4375,43.38658586859922,1.7056151692144905,0.0,34.25,34.25,98,12.75,21.834223900412248,1.7124881489176282,0.0,17.5,17.5,50,195.9143125,173.15553898916767,0.8838330226041237,72.128,255.3135,183.1855,410.737,47.375,5.302515126491076,0.11192644066235673,43.0,51.75,8.75,14,1274.0625,827.1058351263156,0.649187802894808,345.0,1980.0,1635.0,1635,2619.0,0.0,0.0,2619.0,2619.0,0.0,0,2968.0,3354.357563925865,1.1301743813762584,449.0,7545.0,7096.0,7096,11.010986328125,18.61137586332565,1.690255105857045,0.6171875,11.46044921875,10.84326171875,72.6123046875,24.14862060546875,31.87249923813123,1.319847611900179,0.57861328125,36.162841796875,35.584228515625,126.3203125,252.1470588235294,621.6744880916535,317.0408040442755,2113.728461413416,56.5714533913265,10347.260276702633,0.0,39464.285470538096,463.89262321029423,734.4608502453261
e2616a3efd04,cufft_benchmark,scientific_hpc,98.01155115511551,9.809838133298175,0.10008859177907299,99.0,99.0,0.0,99,97.86468646864687,9.8014085925138,0.10015265920821957,99.0,99.0,0.0,100,46.03388778877888,0.5498291641063426,0.011944008870535238,46.098,46.158,0.060000000000002274,6.414999999999999,57.227722772277225,1.543086023228735,0.026963959920999807,57.0,58.0,1.0,12,1034.2821782178219,70.85035734846048,0.06850196091599942,1035.0,1035.0,0.0,1200,1215.0,0.0,0.0,1215.0,1215.0,0.0,0,1784.3366336633662,126.73827607592995,0.07102823182846192,1797.0,1797.0,0.0,1279,4.89701777794967,5.627465674787707,1.1491617814780952,4.291015625,4.4345703125,0.1435546875,95.7021484375,17.34781578743812,1.7830888147484303,0.10278462928669176,17.2607421875,17.73828125,0.4775390625,25.3681640625,0.04137960598515973,21762.68097521225,21877.904963275345,1292.1218153979075,1413.367168598405,285937.9493469403,0.0,281127.5112549081,30698.63811825287,4785.957943279372
e2c1bd51d25a,resnet50_inference,ml_inference,69.02134646962233,20.54763090198083,0.2976996531171201,65.0,81.0,16.0,100,52.17077175697865,16.250416985402687,0.3114850794385164,47.0,63.0,16.0,74,43.617663382594415,1.6424420792045693,0.03765543478934566,41.534,45.147,3.6129999999999995,6.454000000000001,52.48275862068966,1.9424571413332432,0.0370113384346851,52.0,54.0,2.0,13,1159.384236453202,167.5902844299526,0.14455111529073542,1050.0,1305.0,255.0,1200,1215.0,0.0,0.0,1215.0,1215.0,0.0,0,5157.341543513958,543.92720488021,0.10546658589330102,5223.0,5223.0,0.0,4705,115.04704176929393,270.8497771362778,2.3542524255170667,1.2392578125,6.818359375,5.5791015625,909.51953125,1197.704682047927,2618.331483214512,2.186124444913501,2.4794921875,20.6943359375,18.21484375,7866.19140625,0.33760726717868467,96437.25017872949,77480.64422298886,7999.472692631331,5111.609611910414,749165.6168793822,0.0,881282.9340056195,1442612.9950450733,13782615.592560705
e9d0726855c7,gpt2_wikitext2,ml_training,84.3,35.97170507345284,0.4267106177108675,99.0,100.0,1.0,100,19.06153846153846,8.371929700918056,0.4392053515182609,19.0,24.0,5.0,26,41.870792307692305,0.6785014917883195,0.016204648977885806,41.977,42.297,0.3200000000000003,3.213000000000001,53.223076923076924,5.016662754046301,0.09425728544786324,51.0,57.0,6.0,18,1071.0,213.32582351122937,0.1991837754538097,1095.0,1125.0,30.0,1200,1215.0,0.0,0.0,1215.0,1215.0,0.0,0,9330.13076923077,3452.623719529586,0.37005094622204,10751.0,10751.0,0.0,10233,2.8055138221153846,1.29948150370415,0.46318841596764615,1.966064453125,3.313232421875,1.34716796875,6.19921875,8.65518329326923,6.367737395199523,0.7357137542558722,4.136474609375,10.144287109375,6.0078125,33.6640625,43.724783897089985,5090.471180621103,1566.6998694985036,168.45984216338132,425.98326960294185,58790.96759808426,0.0,473539.62176379724,595.2363583982149,2765.882038169963
ee2fa27b,cufft_short_dur120,unknown,91.37692307692308,26.480434603981536,0.2897934589174111,99.0,99.0,0.0,99,91.36153846153846,26.476259322123052,0.28979655736619714,99.0,99.0,0.0,99,582.0567461538461,139.84758907231173,0.24026452746431654,620.77725,626.545,5.767749999999978,556.555,62.46153846153846,5.115948382005672,0.08190557754311449,62.0,65.0,3.0,22,1896.8076923076924,351.9601830932092,0.1855539623338527,1980.0,1980.0,0.0,1635,2619.0,0.0,0.0,2619.0,2619.0,0.0,0,5322.507692307692,1334.0371102665313,0.25064071061734416,5685.0,5685.0,0.0,5236,14.738408954326923,14.012440124200014,0.9507430664105353,10.1220703125,13.46484375,3.3427734375,118.81640625,25.699669471153847,9.122362415856248,0.35496030117198696,24.08837890625,24.735595703125,0.647216796875,69.7568359375,8.646399650411745,4737.320896330602,4740.098312782205,16026.338556136338,535.9154757251272,75941.90217839944,0.0,246357.38010125628,7594.429616459457,3437.0629331491696
efe845ec,nbody_short_dur120,unknown,90.90151515151516,28.855221615518477,0.3174338905914274,100.0,100.0,0.0,100,75.1590909090909,23.862145288996945,0.31748847677710795,82.0,83.0,1.0,83,523.164696969697,137.10787336671848,0.26207401638646505,557.29475,574.3235,17.028749999999945,510.802,60.24242424242424,3.2903309936315064,0.054618170416517765,60.0,62.0,2.0,14,1871.8181818181818,402.28321302745405,0.21491575246719916,1980.0,1980.0,0.0,1635,2619.0,0.0,0.0,2619.0,2619.0,0.0,0,13220.265151515152,3864.388094041763,0.29230791135823625,14381.0,14381.0,0.0,13932,20.58703243371212,23.183026687193735,1.1260985166616082,11.2958984375,18.00537109375,6.70947265625,151.474609375,41.96676728219697,37.15295120722172,0.8852945702610111,26.751708984375,34.143798828125,7.39208984375,221.3662109375,30.775231799136954,5072.343678699963,4238.822556687976,17522.692259160976,485.1123943360797,69553.76739392131,0.0,707141.6492315033,12067.920684710542,20681.6492464808
f0b9dbe17bbd,idle,baseline,0.0,0.0,0.0,0.0,0.0,0.0,0,0.0,0.0,0.0,0.0,0.0,0.0,0,39.298024,0.22350880274214266,0.005687532857541518,39.162,39.622,0.46000000000000085,0.5890000000000057,29.0,0.0,0.0,29.0,29.0,0.0,0,210.0,0.0,0.0,210.0,210.0,0.0,0,1215.0,0.0,0.0,1215.0,1215.0,0.0,0,518.0,0.0,0.0,518.0,518.0,0.0,0,0.8108125,0.3038821086979651,0.37478715279201785,0.619140625,1.0009765625,0.3818359375,1.5263671875,0.3272578125,0.039128051097875975,0.11956338239690638,0.3330078125,0.3330078125,0.0,0.3818359375,-1.0284206349727829e-16,0.0,0.0,111.42890303844848,0.0,0.0,0.0,0.0,113.79524532611146,17.077470252593965
f31207012404,cufft_benchmark,scientific_hpc,97.97854785478548,9.823291694028567,0.10025961712034619,99.0,99.0,0.0,99,97.95379537953795,9.81773620795397,0.10022823689284649,99.0,99.0,0.0,99,46.05178052805281,0.5975038625833604,0.012974609357534214,46.098,46.158,0.060000000000002274,6.420000000000002,59.417491749174914,1.7848650144384932,0.03003938675067412,58.0,61.0,3.0,12,1032.4257425742574,73.01798893509297,0.07072468839546629,1035.0,1035.0,0.0,1200,1215.0,0.0,0.0,1215.0,1215.0,0.0,0,1784.3366336633662,126.73827607592995,0.07102823182846192,1797.0,1797.0,0.0,1279,5.171718685540429,3.983655134242376,0.7702768413544944,4.5771484375,5.435546875,0.8583984375,93.3173828125,16.885416666666668,2.1655056289778885,0.12824709461416753,16.83203125,17.1181640625,0.2861328125,48.970703125,0.04137960598515973,22134.151344797283,22103.132304503433,1869.751128761697,1188.3022315639257,304302.22242232313,0.0,281127.5112549081,22495.76616110337,8851.627886927989
f9745856c04e,mining_ethash_proxy,crypto_mining,39.10891089108911,3.9623876016987616,0.10131674626869416,39.0,40.0,1.0,44,0.0,0.0,0.0,0.0,0.0,0.0,0,40.63681518151816,0.1825979429261912,0.004493411752521992,40.679,40.706,0.027000000000001023,1.519999999999996,32.22937293729373,0.43620671746009193,0.013534446304470526,32.0,32.0,0.0,2,1184.6287128712872,80.58762963533167,0.06802775313451286,1185.0,1200.0,15.0,1020,1215.0,0.0,0.0,1215.0,1215.0,0.0,0,2029.881188118812,151.31301608127052,0.07454279440927525,2045.0,2045.0,0.0,1527,16.142794064562707,1.6696662596920961,0.10343105740622571,16.1162109375,16.40234375,0.2861328125,24.7958984375,107.06347172803218,10.864156579467384,0.10147397991131435,107.300048828125,108.945068359375,1.64501953125,130.84375,0.04940317305655527,9795.645748014616,0.0,836.7366902646105,439.09549589934386,233395.0111061912,0.0,335638.5533121539,4632.173757988432,26149.5736388839
fa6c5eebc803,training_single_gpu,unknown,0.0,0.0,0.0,0.0,0.0,0.0,0,0.0,0.0,0.0,0.0,0.0,0.0,0,117.30363157894736,0.3159794667249954,0.0026936886988843316,117.152,117.27000000000001,0.11800000000000921,1.0349999999999966,41.0,0.0,0.0,41.0,41.0,0.0,0,1980.0,0.0,0.0,1980.0,1980.0,0.0,0,2619.0,0.0,0.0,2619.0,2619.0,0.0,0,9069.0,0.0,0.0,9069.0,9069.0,0.0,0,5.2407483552631575,11.516090545231375,2.197413377322082,0.48095703125,3.685546875,3.20458984375,39.81640625,4.668071546052632,10.05643413986916,2.154301629378127,0.41259765625,0.42578125,0.01318359375,27.310546875,-1.0984732611479787e-14,0.0,0.0,7.012270725974062,0.0,0.0,0.0,0.0,383.61114080197814,350.97289126057626
fe9f59190f60,rendering_proxy,rendering,86.28217821782178,8.780213247354094,0.10176160858023818,87.0,88.0,1.0,93,43.17821782178218,4.402995313156927,0.1019726041317474,43.0,44.0,1.0,45,43.55719306930693,0.3963425941263792,0.00909936031659871,43.371,43.798,0.4269999999999996,4.180999999999997,55.70957095709571,2.6085949761322134,0.04682489797120099,55.0,57.0,2.0,17,1392.5742574257426,96.74738477184526,0.06947377079238787,1395.0,1410.0,15.0,1200,1215.0,0.0,0.0,1215.0,1215.0,0.0,0,1156.6072607260726,63.91358484203503,0.055259539700500696,1163.0,1163.0,0.0,645,21.369118064150165,2.173422760678914,0.10170858498009057,21.2666015625,21.8388671875,0.572265625,25.6064453125,143.9756842383457,133.7043793002923,0.9286594469523176,139.140625,141.095703125,1.955078125,3410.291015625,0.02093201981572897,21571.96799569923,10085.124321452535,1227.9775757471589,1981.2704943927442,297386.0387953112,0.0,141472.85164871957,5428.607916195463,794864.0155260293
