run_id,workload_label,category,gpu_utilization_pct_mean,gpu_utilization_pct_std,gpu_utilization_pct_min,gpu_utilization_pct_max,gpu_utilization_pct_cv,gpu_utilization_pct_p25,gpu_utilization_pct_p75,mem_utilization_pct_mean,mem_utilization_pct_std,mem_utilization_pct_min,mem_utilization_pct_max,mem_utilization_pct_cv,mem_utilization_pct_p25,mem_utilization_pct_p75,power_draw_w_mean,power_draw_w_std,power_draw_w_min,power_draw_w_max,power_draw_w_cv,power_draw_w_p25,power_draw_w_p75,temperature_c_mean,temperature_c_std,temperature_c_min,temperature_c_max,temperature_c_cv,temperature_c_p25,temperature_c_p75,sm_clock_mhz_mean,sm_clock_mhz_std,sm_clock_mhz_min,sm_clock_mhz_max,sm_clock_mhz_cv,sm_clock_mhz_p25,sm_clock_mhz_p75,mem_clock_mhz_mean,mem_clock_mhz_std,mem_clock_mhz_min,mem_clock_mhz_max,mem_clock_mhz_cv,mem_clock_mhz_p25,mem_clock_mhz_p75,mem_used_mb_mean,mem_used_mb_std,mem_used_mb_min,mem_used_mb_max,mem_used_mb_cv,mem_used_mb_p25,mem_used_mb_p75,pcie_tx_mbps_mean,pcie_tx_mbps_std,pcie_tx_mbps_min,pcie_tx_mbps_max,pcie_tx_mbps_cv,pcie_tx_mbps_p25,pcie_tx_mbps_p75,pcie_rx_mbps_mean,pcie_rx_mbps_std,pcie_rx_mbps_min,pcie_rx_mbps_max,pcie_rx_mbps_cv,pcie_rx_mbps_p25,pcie_rx_mbps_p75,mem_growth_rate,gpu_utilization_pct_fft_energy,gpu_utilization_pct_fft_peak,mem_utilization_pct_fft_energy,mem_utilization_pct_fft_peak,power_draw_w_fft_energy,power_draw_w_fft_peak,temperature_c_fft_energy,temperature_c_fft_peak,sm_clock_mhz_fft_energy,sm_clock_mhz_fft_peak,mem_clock_mhz_fft_energy,mem_clock_mhz_fft_peak,mem_used_mb_fft_energy,mem_used_mb_fft_peak,pcie_tx_mbps_fft_energy,pcie_tx_mbps_fft_peak,pcie_rx_mbps_fft_energy,pcie_rx_mbps_fft_peak
02de6a531a6d,nvlink_latency,unknown,0.0,0.0,0,0,0.0,0.0,0.0,0.0,0.0,0,0,0.0,0.0,0.0,121.35722222222222,0.8086006087336576,120.903,122.806,0.006662978881028874,120.936,120.992,42.0,0.0,42,42,0.0,42.0,42.0,1980.0,0.0,1980,1980,0.0,1980.0,1980.0,2619.0,0.0,2619,2619,0.0,2619.0,2619.0,9109.0,47.43416490252569,9069,9159,0.005207395422386703,9069.0,9159.0,0.7418619791666666,0.779120021246614,0.4736328125,2.8193359375,1.0502223352537583,0.474609375,0.494140625,2.098415798611111,5.036959016062961,0.4052734375,15.5302734375,2.4003627007557014,0.4140625,0.435546875,14.99999999999994,,,,,,,,,,,,,,,,,,
04615f74aca3,bert_sst2,ml_training,77.83076923076923,40.72375275513713,0,100,0.5232346173255392,99.0,100.0,12.461538461538462,6.731634559759899,0,19,0.5401928967275073,15.0,15.0,41.90696923076923,0.8882977747008391,39.7,43.741,0.021196898534657813,41.95,42.404,52.261538461538464,3.906232692269349,44,56,0.07474392846412992,51.0,55.0,1102.8461538461538,317.23656545476985,210,1410,0.28765260172339185,1185.0,1215.0,1215.0,0.0,1215,1215,0.0,1215.0,1215.0,4270.092307692307,1761.2362554740218,518,5139,0.4124585907196552,5139.0,5139.0,1.7563701923076922,1.1222001455664286,0.23828125,5.0537109375,0.6389314450008059,1.4775390625,1.9541015625,8.663191105769231,7.869392786978958,0.28515625,33.1875,0.9083711406100673,7.056640625,8.677734375,43.568050699300734,2225.754543323329,0.015384615384615385,412.2414564316384,0.015384615384615385,66.40775414776293,0.03076923076923077,124.784822203479,0.015384615384615385,25980.61820257803,0.015384615384615385,0.0,0.0,105569.50955318421,0.015384615384615385,177.1789020239924,0.015384615384615385,1277.0914822703446,0.015384615384615385
0a0cf0b8d0a5,rendering_proxy,rendering,80.31353135313532,8.510802959360824,0,87,0.10596972659355745,80.0,83.0,38.32343234323432,4.176796839195182,0,41,0.1089880677095347,38.0,39.0,43.742100660066015,0.35207827562184596,40.087,44.352,0.008048956732780416,43.769,43.798,58.65511551155115,2.0372234961858964,46,60,0.03473223909600803,58.0,60.0,1395.1237623762377,97.55664358281008,210,1410,0.06992687402627082,1395.0,1410.0,1215.0,0.0,1215,1215,0.0,1215.0,1215.0,1156.6072607260726,63.91358484203503,518,1163,0.055259539700500696,1163.0,1163.0,19.557783170895213,2.1751944413230153,0.28515625,26.7021484375,0.11121886474581627,19.263671875,20.07421875,126.77603522070957,13.877383467617083,0.23828125,147.8193359375,0.10946377557357678,126.5166015625,130.7958984375,0.02093201981572897,17592.054424870104,0.013201320132013201,8822.798425711306,0.013201320132013201,970.7671584795751,0.0016501650165016502,1693.2858617716956,0.0016501650165016502,272787.17494569276,0.019801980198019802,0.0,0.0,141472.85164871957,0.0016501650165016502,5370.965959084735,0.013201320132013201,37933.535265153594,0.013201320132013201
0a3f56331a37,pytorch_resnet_cifar10_amp,ml_training,76.53191489361703,38.94078618700661,0,98,0.5088176121115918,92.5,97.0,35.148936170212764,17.990309859578943,0,45,0.5118308495013041,43.0,45.0,42.98270212765958,1.5299348084277482,39.648,44.294,0.035594197960105295,43.357,43.769,48.93617021276596,3.0460541497880924,42,52,0.06224545436396296,48.0,51.0,1020.0,329.31747600150226,210,1410,0.3228602705893916,1110.0,1140.0,1215.0,0.0,1215,1215,0.0,1215.0,1215.0,2516.851063829787,914.9171732225489,518,2927,0.36351661263181545,2926.0,2927.0,15.576878324468085,13.644200574311036,0.380859375,36.19140625,0.875926503964717,5.74560546875,32.185546875,148.23796958111703,159.49164637491538,0.23828125,349.998046875,1.0759162907082611,27.203125,342.0107421875,21.735892691951914,2093.167746612084,0.0425531914893617,978.9562828137961,0.0425531914893617,79.18084806196808,0.0425531914893617,77.44551715964158,0.02127659574468085,17112.319313703003,0.02127659574468085,0.0,0.0,40057.98886393821,0.02127659574468085,1463.9321936019212,0.06382978723404255,16717.00750501874,0.02127659574468085
0ec365ea9cda,gpt2_wikitext2,ml_training,81.1470588235294,38.928905648490904,0,100,0.47973279885189557,99.0,100.0,18.029411764705884,8.946707382313868,0,25,0.49622846815954275,19.0,23.0,41.90550000000001,0.8692935573722432,39.674,43.741,0.020744139966150002,41.97025,42.404,52.61029411764706,5.174256495693308,41,58,0.09835064757525008,50.0,57.0,1026.1764705882354,271.2100697997482,210,1410,0.2642918421663071,1080.0,1125.0,1215.0,0.0,1215,1215,0.0,1215.0,1215.0,8940.33088235294,3834.6924953834728,518,10751,0.4289206457618064,10751.0,10751.0,1.9615047679227942,1.2391006772720834,0.28515625,8.4873046875,0.6317092351259305,1.19140625,2.193359375,8.228407915900736,6.8393392884093505,0.23828125,34.3798828125,0.8311862218645836,3.372802734375,9.738525390625,54.614023662993176,5372.543113077883,0.007352941176470588,1542.8931183230718,0.007352941176470588,183.64676266796965,0.007352941176470588,399.4174749539245,0.007352941176470588,63268.69588661451,0.007352941176470588,0.0,0.0,509205.95420114306,0.007352941176470588,678.630143656965,0.3676470588235294,3469.187596666535,0.3676470588235294
0f4d8760e925,nvlink_bandwidth,unknown,45.611111111111114,48.76973373009715,0,100,1.0692511658008552,0.0,99.5,2.7222222222222223,2.9665895561690436,0,9,1.0897675916617748,0.0,5.0,122.53088888888891,37.121572709915135,70.736,159.189,0.30295685476724193,76.76975,157.108,42.22222222222222,0.8782037520219095,41,43,0.02079956254739471,41.25,43.0,1525.8333333333333,753.5528593036497,345,1980,0.49386315191905356,753.75,1980.0,2619.0,0.0,2619,2619,0.0,2619.0,2619.0,5402.555555555556,3970.473526689706,453,9069,0.7349250712666996,584.5,9051.5,5.760416666666667,10.604714444750389,0.4541015625,35.5380859375,1.8409630859300268,0.572509765625,3.7568359375,6.564670138888889,12.667267172488392,0.4072265625,35.0078125,1.9296121362623093,0.5048828125,2.795654296875,684.5036119711042,575.735371802001,0.05555555555555555,44.214017558116126,0.05555555555555555,370.0374245949773,0.05555555555555555,9.666814543603305,0.05555555555555555,13857.690856967094,0.05555555555555555,0.0,0.0,51359.38185181267,0.05555555555555555,359.1017679702315,0.16666666666666666,386.7833174208971,0.1111111111111111
13bf1043b834,pytorch_mlp_cifar10,ml_training,6.24,3.3118950237965947,0,11,0.5307524075746541,4.0,9.0,0.0,0.0,0,0,0.0,0.0,0.0,40.09681333333332,0.26632898236362956,39.162,40.653,0.006642148345878214,40.087,40.14,31.0,0.6575959492214292,30,32,0.02121277255484569,31.0,31.0,1014.0,254.48676490834157,210,1095,0.2509731409350006,1095.0,1095.0,1215.0,0.0,1215,1215,0.0,1215.0,1215.0,1040.56,182.37177946696124,518,1105,0.17526310781385598,1105.0,1105.0,16.2201953125,21.412465328688576,0.28515625,56.8857421875,1.320111436072972,0.50048828125,28.6337890625,168.6719921875,214.41133078049302,0.23828125,646.06640625,1.2711732872691566,0.28515625,323.2001953125,2.3585206258890326,564.1065737500702,0.013333333333333334,0.0,0.0,46.7902897733408,0.02666666666666667,56.43602061018749,0.02666666666666667,21861.220227407906,0.013333333333333334,0.0,0.0,13840.253580835864,0.013333333333333334,4759.0730904679685,0.18666666666666668,46228.59847345013,0.013333333333333334
172e990deec1,bert_sst2,ml_training,78.04615384615384,39.54207836644986,0,100,0.5066499297824381,98.0,99.0,12.584615384615384,6.60939744722502,0,19,0.5251966186252917,15.0,15.0,41.852784615384614,0.8412520893790497,39.674,43.741,0.020100265659497234,41.977,42.404,51.92307692307692,4.258475711403716,43,56,0.08201508777360314,51.0,55.0,1103.5384615384614,317.4787432314897,210,1410,0.2876915977976876,1185.0,1215.0,1215.0,0.0,1215,1215,0.0,1215.0,1215.0,4270.092307692307,1761.2362554740218,518,5139,0.4124585907196552,5139.0,5139.0,1.7688401442307693,1.1615061336820736,0.28515625,5.1494140625,0.6566484466184135,1.4775390625,1.9541015625,8.675676081730769,8.055415476958833,0.28515625,32.9970703125,0.9285057902280854,7.056640625,8.53515625,43.568050699300734,2269.7711326048016,0.015384615384615385,395.747118770823,0.015384615384615385,56.83172734903913,0.03076923076923077,137.2473122615763,0.015384615384615385,25748.586561582706,0.015384615384615385,0.0,0.0,105569.50955318421,0.015384615384615385,193.35214715339765,0.015384615384615385,1326.5867253558743,0.1076923076923077
17de3f9f3997,mining_ethash_proxy,crypto_mining,38.636963696369634,4.112494972380322,0,42,0.10643939323473021,39.0,40.0,0.0016501650165016502,0.040622223185119384,0,1,24.617052332248633,0.0,0.0,40.38368811881188,0.2664827535531109,39.136,40.653,0.0065987720775403085,40.114,40.626,31.551155115511552,0.5205118133147744,30,32,0.01649739324575083,31.0,32.0,1135.3217821782177,79.59258087102812,210,1185,0.07010574633585594,1125.0,1155.0,1215.0,0.0,1215,1215,0.0,1215.0,1215.0,2029.881188118812,151.31301608127052,518,2045,0.07454279440927525,2045.0,2045.0,15.657555306311881,12.899139473970202,0.28515625,327.681640625,0.8238284470849971,14.841064453125,15.7353515625,104.35673376908004,88.39408134177471,0.23828125,2260.302734375,0.8470376385727592,100.338134765625,105.0947265625,0.04940317305655527,8979.479475577948,0.0016501650165016502,243.0,0.009900990099009901,1307.4185791435139,0.04785478547854786,463.9191241093513,0.0016501650165016502,230906.34751323552,0.0016501650165016502,0.0,0.0,335638.5533121539,0.0016501650165016502,76239.47632150297,0.0016501650165016502,525909.247117179,0.03135313531353135
184fc886a3ca,mining_ethash_proxy,crypto_mining,39.1056105610561,4.049536433849974,0,42,0.10355384753356112,39.0,40.0,0.0,0.0,0,0,0.0,0.0,0.0,40.6019092409241,0.21275815629838898,39.239,41.08,0.005240102258016538,40.679,40.706,32.90594059405941,0.3139685036090236,31,33,0.009541392767729112,33.0,33.0,1161.3861386138615,80.20722792149206,210,1200,0.06906163699969073,1170.0,1170.0,1215.0,0.0,1215,1215,0.0,1215.0,1215.0,2029.881188118812,151.31301608127052,518,2045,0.07454279440927525,2045.0,2045.0,15.80739963644802,2.2715886037648185,0.28515625,54.7880859375,0.14370412944981686,15.591796875,16.1640625,104.68918239480197,11.08762962428292,0.23828125,127.171875,0.10590998392139064,105.619140625,107.240234375,0.04940317305655527,9967.644760612597,0.01485148514851485,0.0,0.0,1019.1832972790482,0.0016501650165016502,481.0521103225205,0.0016501650165016502,227440.749625767,0.0033003300330033004,0.0,0.0,335638.5533121539,0.0016501650165016502,10216.344140165584,0.03135313531353135,29275.721000509417,0.011551155115511552
1b48168bcf3c,nbody_sim,scientific_hpc,98.02805280528052,9.535364632855133,0,99,0.09727179475551324,99.0,99.0,88.40924092409242,8.84340425185315,0,90,0.10002805316862758,89.0,90.0,46.133638613861386,0.584020872853011,39.726,46.586,0.012659328212296608,46.098,46.158,58.585808580858085,1.297829054308478,47,60,0.02215261828289196,59.0,59.0,1230.9158415841584,84.26950771452026,210,1410,0.06846081987701044,1230.0,1245.0,1215.0,0.0,1215,1215,0.0,1215.0,1215.0,1839.7821782178219,132.28741091584558,518,1853,0.07190384409741328,1853.0,1853.0,6.090261125721947,0.7213557459449805,0.3330078125,9.8701171875,0.11844414072492268,5.912109375,6.150390625,24.867542027640265,22.90595974029225,0.23828125,584.6494140625,0.9211187705608846,23.841796875,24.3662109375,0.04319137919483109,20410.448256243428,0.0016501650165016502,19616.355470530656,0.0033003300330033004,1478.2904153106329,0.0016501650165016502,1414.0914275287582,0.0016501650165016502,290390.24510171014,0.05115511551155116,0.0,0.0,293436.45623557654,0.0016501650165016502,2031.1213870171462,0.0016501650165016502,136319.7532288417,0.019801980198019802
1cc75ce5daba,nvlink_bandwidth,unknown,43.388888888888886,50.06247730573197,0,100,1.1538086958801625,0.0,100.0,2.3333333333333335,2.7224556389190906,0,7,1.166766701893853,0.0,5.0,121.82955555555554,37.255449856714165,70.437,162.245,0.3057997682624681,75.973,156.39375,41.388888888888886,0.9164438231805327,40,42,0.02214226686825642,40.25,42.0,1525.8333333333333,753.5528593036497,345,1980,0.49386315191905356,753.75,1980.0,2619.0,0.0,2619,2619,0.0,2619.0,2619.0,5402.555555555556,3970.473526689706,453,9069,0.7349250712666996,584.5,9051.5,3.9365234375,7.659919385185568,0.4541015625,31.9306640625,1.945858955206515,0.5537109375,3.83642578125,4.157063802083333,10.225060141189173,0.4111328125,34.3173828125,2.4596832344995887,0.474853515625,0.75927734375,684.5036119711042,656.9991568320611,0.05555555555555555,43.987257186216,0.05555555555555555,366.9211486724366,0.05555555555555555,14.312702595882907,0.05555555555555555,13857.690856967094,0.05555555555555555,0.0,0.0,51359.38185181267,0.05555555555555555,237.98089262266777,0.1111111111111111,273.405811149437,0.05555555555555555
1ecf3e016e11,training_dual_gpu_dp,unknown,13.636363636363637,16.72051905820383,0,36,1.226171397511695,0.0,32.0,6.136363636363637,7.567445656642257,0,16,1.2332133660666589,0.0,14.75,165.5081363636364,54.721664113598294,117.101,235.562,0.33062824170190164,117.324,231.26375,42.59090909090909,1.5632411662065915,41,45,0.03670363463792693,41.0,44.0,1980.0,0.0,1980,1980,0.0,1980.0,1980.0,2619.0,0.0,2619,2619,0.0,2619.0,2619.0,9525.727272727272,313.97272884579394,9069,9759,0.03296049948277269,9164.5,9759.0,14.432484019886363,23.003412854952945,0.5068359375,82.8828125,1.5938637327893748,2.9931640625,8.34130859375,27.175426136363637,37.26606175683616,0.3837890625,155.8779296875,1.3713147153044587,3.634521484375,34.748779296875,41.666854884246426,296.04470841493037,0.045454545454545456,130.4513628071168,0.045454545454545456,508.05565442085253,0.045454545454545456,20.81842547314219,0.045454545454545456,0.0,0.0,0.0,0.0,4122.185757941714,0.045454545454545456,855.119849961555,0.5,1488.5477979178377,0.5
279297ff568c,nbody_sim,scientific_hpc,97.91749174917491,9.80654820759403,0,99,0.10015113778255572,99.0,99.0,88.1023102310231,8.82386478224441,0,90,0.1001547491661251,89.0,89.0,46.16254950495049,0.5859065985063728,40.087,46.586,0.012692249556772157,46.068,46.494,57.65346534653465,1.505487330984831,46,59,0.02611269456067844,58.0,58.0,1225.9653465346535,83.81019753213558,210,1410,0.06836261544338701,1230.0,1230.0,1215.0,0.0,1215,1215,0.0,1215.0,1215.0,1839.7821782178219,132.28741091584558,518,1853,0.07190384409741328,1853.0,1853.0,6.264316470709571,4.838839239766578,0.4287109375,122.8330078125,0.77244488869925,5.53125,6.580078125,24.614786380981847,21.58164486546579,0.28515625,551.6044921875,0.8767756311411123,23.6982421875,24.1279296875,0.04319137919483109,22010.65158027391,0.013201320132013201,19066.716562758167,0.013201320132013201,1538.4074661505797,0.0033003300330033004,1320.7129172625728,0.0016501650165016502,285941.72937757336,0.011551155115511552,0.0,0.0,293436.45623557654,0.0016501650165016502,28518.566857953752,0.0016501650165016502,128175.71451181913,0.013201320132013201
2a1c003e6f12,cufft_benchmark,scientific_hpc,97.9983498349835,9.809676311610401,0,99,0.10010042340537899,99.0,99.0,97.92574257425743,9.805855765761176,0,100,0.10013562836375968,99.0,99.0,46.05836468646864,0.5698279607043516,39.7,46.525,0.012371866968594044,46.128,46.158,59.006600660066006,2.3077209956974944,44,60,0.03910953977764364,59.0,60.0,1032.2772277227723,70.6517173642414,210,1410,0.06844258060408084,1035.0,1035.0,1215.0,0.0,1215,1215,0.0,1215.0,1215.0,1784.3366336633662,126.73827607592995,518,1797,0.07102823182846192,1797.0,1797.0,4.53321118244637,0.7623652656186859,0.28515625,6.8662109375,0.16817333999407863,4.052734375,4.958984375,16.168487649546204,1.6481254258767568,0.23828125,22.2197265625,0.1019344209240918,16.1640625,16.4501953125,0.04137960598515973,21757.30861957956,0.0016501650165016502,21955.827217696427,0.0016501650165016502,1301.7416269076978,0.0016501650165016502,2010.9530919979034,0.0016501650165016502,285163.9192662087,0.06435643564356436,0.0,0.0,281127.5112549081,0.0016501650165016502,1972.382725929593,0.0016501650165016502,4251.953634919957,0.023102310231023104
2e2283976354,gpt2_wikitext2,ml_training,82.66165413533835,37.36224946549519,0,100,0.45199010176921456,99.0,100.0,18.57894736842105,8.568980815529109,0,25,0.46121993055606203,19.0,24.0,41.89733834586467,0.7274095266789573,39.7,43.371,0.017361712112993737,41.977,42.376,53.54887218045113,4.879558731622827,41,58,0.09112346409628146,52.0,57.0,1071.766917293233,211.43556534127012,210,1410,0.1972775628072727,1095.0,1125.0,1215.0,0.0,1215,1215,0.0,1215.0,1215.0,9144.533834586466,3627.293380179222,518,10751,0.39666247025733253,10751.0,10751.0,2.9849550634398496,2.898046605451778,0.28515625,31.5185546875,0.9708845000638625,1.9072265625,3.1943359375,9.668166999530076,18.56109606971929,0.23828125,210.0458984375,1.9198154178244586,3.48046875,9.9658203125,43.22252884585956,3686.4038763586536,0.007518796992481203,1329.4483517911472,0.007518796992481203,180.348426775387,0.007518796992481203,378.0154917531374,0.007518796992481203,54230.753987287426,0.03759398496240601,0.0,0.0,495865.46184947196,0.007518796992481203,1559.3696802947252,0.015037593984962405,10756.403436867646,0.3609022556390977
34765a4dc650,bert_sst2,ml_training,77.63076923076923,40.6834461232273,0,100,0.5240634161664111,98.0,100.0,12.169230769230769,6.558794741531287,0,19,0.5389654338362844,15.0,15.0,41.986430769230765,0.9051126478447108,39.648,43.741,0.021557265793749114,41.95,42.432,52.41538461538462,4.29349911090996,43,57,0.08191295632633491,51.0,56.0,1107.6923076923076,318.85179370070017,210,1410,0.2878523137573167,1200.0,1230.0,1215.0,0.0,1215,1215,0.0,1215.0,1215.0,4270.092307692307,1761.2362554740218,518,5139,0.4124585907196552,5139.0,5139.0,2.5568209134615385,1.4648595467522645,0.4287109375,6.2939453125,0.5729222326315181,2.001953125,2.765625,9.470943509615385,8.461936754359403,0.23828125,34.0458984375,0.8934629105194166,7.2001953125,8.7255859375,43.568050699300734,2417.8051375139225,0.015384615384615385,419.18684251327653,0.015384615384615385,56.76383064837495,0.015384615384615385,141.78947471887108,0.015384615384615385,25579.88161528842,0.015384615384615385,0.0,0.0,105569.50955318421,0.015384615384615385,222.31577753044786,0.03076923076923077,1260.9153613215465,0.03076923076923077
34c10b61fbee,mining_ethash_proxy,crypto_mining,38.49669966996699,4.030768726661776,0,43,0.10470426714790973,39.0,40.0,0.0016501650165016502,0.040622223185119384,0,1,24.617052332248633,0.0,0.0,40.53947194719471,0.22487944620938916,39.674,41.08,0.005547172555596236,40.573,40.626,33.07260726072607,3.271415211873314,31,47,0.09891615698709137,31.0,33.0,1168.3663366336634,84.36229106751945,210,1410,0.07220534212797908,1170.0,1185.0,1215.0,0.0,1215,1215,0.0,1215.0,1215.0,2029.881188118812,151.31301608127052,518,2045,0.07454279440927525,2045.0,2045.0,16.190041318584985,13.507200777350786,0.28515625,288.1044921875,0.8342906920818797,15.0673828125,16.021484375,109.47196169812294,110.50904613568356,0.28515625,2427.5302734375,1.0094735165102,102.185546875,107.848388671875,0.04940317305655527,9579.622813532285,0.013201320132013201,243.0,0.009900990099009901,973.8467427805426,0.0016501650165016502,2775.141218989715,0.0016501650165016502,245427.53472256544,0.0033003300330033004,0.0,0.0,335638.5533121539,0.0016501650165016502,65432.25409501004,0.028052805280528052,618067.8582545472,0.028052805280528052
355359f28d64,nbody_sim,scientific_hpc,97.96039603960396,9.723537898541915,0,99,0.09925988758264687,99.0,99.0,88.1947194719472,9.01431580461358,0,90,0.10220924629596022,89.0,89.0,46.13303135313531,0.5773401627101358,40.14,46.586,0.012514680821172262,46.098,46.158,59.24752475247525,1.693385911862308,46,60,0.028581546974466306,59.0,60.0,1227.40099009901,83.92914720813145,210,1410,0.06837956616060153,1230.0,1230.0,1215.0,0.0,1215,1215,0.0,1215.0,1215.0,1839.7821782178219,132.28741091584558,518,1853,0.07190384409741328,1853.0,1853.0,6.019091313428218,0.9042652119606276,0.380859375,11.8251953125,0.15023284491348973,5.578125,6.484375,24.89019795534241,22.69863912654285,0.23828125,579.26171875,0.9119509280864874,23.841796875,24.4140625,0.04319137919483109,17067.783331645194,0.0016501650165016502,17000.44146273902,0.0049504950495049506,1428.6296926339385,0.0033003300330033004,1481.0357661099124,0.0016501650165016502,290196.99522834923,0.04455445544554455,0.0,0.0,293436.45623557654,0.0016501650165016502,2609.146404646553,0.0016501650165016502,134902.14746693466,0.013201320132013201
387d940136b1,resnet50_inference,ml_inference,61.98029556650246,21.254866453092866,0,100,0.34292941423527556,54.0,76.0,47.31855500821018,17.017608930106434,0,75,0.3596392351117673,40.0,60.0,43.442261083743844,1.6872889982546149,39.7,46.068,0.038839806127106975,41.507,44.808,51.85550082101806,1.6228650308344332,43,54,0.031295908922074435,51.0,53.0,1174.6059113300494,179.13606366978138,210,1410,0.1525073745515094,1035.0,1335.0,1215.0,0.0,1215,1215,0.0,1215.0,1215.0,5155.366174055829,543.6883772449913,518,5221,0.10546067124794656,5221.0,5221.0,100.907540858477,251.86386686057853,0.23828125,900.0771484375,2.4959865706302566,0.3330078125,5.2919921875,1195.1499352165436,2660.0827610925176,0.23828125,7862.6630859375,2.225731418885384,0.3330078125,19.931640625,0.3373997458315023,103774.39342597892,0.16584564860426929,83964.59825294052,0.16584564860426929,9040.147716193138,0.4893267651888341,5178.956408183176,0.0016420361247947454,871426.1958008308,0.33497536945812806,0.0,0.0,880409.721719434,0.0016420361247947454,1354558.7199239866,0.3004926108374384,14631080.313311726,0.37438423645320196
3a8b8e79,resnet50_inference_small_bs32,unknown,89.81538461538462,26.303177105055514,0,98,0.292858258275021,98.0,98.0,38.06923076923077,11.162081757949048,0,42,0.2932048148101151,41.0,42.0,484.79013846153845,116.96217586257454,67.66,523.988,0.2412635212290166,515.53,522.15725,54.49230769230769,4.039046156963288,40,57,0.07412140039463462,54.0,57.0,1879.3846153846155,394.4356263414478,345,1980,0.20987488304011512,1980.0,1980.0,2619.0,0.0,2619,2619,0.0,2619.0,2619.0,1452.4,274.5916940652292,449,1527,0.18906065413456358,1527.0,1527.0,30.888529146634614,17.099882313958556,0.4970703125,148.5361328125,0.5535997597110587,28.5615234375,31.545166015625,167.56060697115385,75.5318361874712,0.4169921875,616.732421875,0.4507732309660558,162.953857421875,168.835693359375,1.7799560283494278,4651.471439548684,0.007692307692307693,2015.2052160474832,0.007692307692307693,14509.034559631524,0.007692307692307693,399.87360331009177,0.007692307692307693,75407.81922766811,0.007692307692307693,0.0,0.0,50679.16760717529,0.007692307692307693,8672.542610500896,0.03076923076923077,31961.149575033272,0.023076923076923078
4187823fdea4,mining_ethash_proxy,crypto_mining,38.71993410214168,4.241549314779885,0,42,0.1095443319578308,39.0,40.0,0.0016474464579901153,0.040588747923409954,0,1,24.637355034635338,0.0,0.0,40.41985831960461,0.26473108534946627,39.162,41.026,0.00654953026429872,40.114,40.626,31.528830313014826,0.4995798061470938,31,32,0.015845174120684917,31.0,32.0,1142.8171334431631,84.00094983955545,210,1410,0.07350340433416301,1140.0,1155.0,1215.0,0.0,1215,1215,0.0,1215.0,1215.0,2027.3904448105436,163.16726148979473,518,2045,0.08048141980118781,2045.0,2045.0,15.556277028418451,8.017736198355678,0.3330078125,208.138671875,0.5154019938828133,15.1630859375,15.7353515625,104.6683194759061,79.88851023000575,0.23828125,2048.396484375,0.7632539686245011,101.0888671875,105.2373046875,0.02457970370001555,7798.664793996622,0.009884678747940693,243.0,0.05930807248764415,1251.5450680569584,0.0049423393739703465,342.2187168312109,0.0016474464579901153,200524.63555720856,0.014827018121911038,0.0,0.0,325018.36541846406,0.0016474464579901153,47020.51046082488,0.03789126853377265,473409.6428890599,0.026359143327841845
435afe62,mlp_small_batch_batch16,unknown,11.173913043478262,11.085011067009866,0,25,0.9920437919004276,0.0,22.0,0.5652173913043478,0.5897678246195885,0,2,1.0434353801731941,0.0,1.0,119.68434782608695,27.981267991622044,72.026,140.155,0.23379220841849568,105.8885,139.0895,45.0,0.674199862463242,44,46,0.014982219165516886,45.0,45.0,1625.2173913043478,688.2875295399142,345,1980,0.42350490046571126,1980.0,1980.0,2619.0,0.0,2619,2619,0.0,2619.0,2619.0,958.8695652173913,420.4063298922112,449,1307,0.43843953874629427,449.0,1307.0,8.320397418478262,7.687608654176565,0.501953125,29.3017578125,0.9239472908084508,0.8447265625,10.5439453125,42.57697860054348,40.230915821080956,0.4072265625,99.5419921875,0.9448983263369123,0.751953125,81.62255859375,30.74407114624506,182.57547508820545,0.043478260869565216,16.033858984447892,0.043478260869565216,385.1392124085715,0.043478260869565216,13.014094351836173,0.043478260869565216,13358.21833920748,0.043478260869565216,0.0,0.0,6208.307605823657,0.043478260869565216,269.6484612969796,0.4782608695652174,823.4584694095657,0.043478260869565216
482ecf1fb7ca,pytorch_mlp_cifar10,ml_training,5.0131578947368425,2.8071025206435745,0,11,0.5599469593867603,3.0,7.0,0.0,0.0,0,0,0.0,0.0,0.0,40.049881578947364,0.28379081343389767,39.136,40.653,0.007085933896393575,40.087,40.1205,29.763157894736842,0.4279695021106552,29,30,0.014379169831705119,30.0,30.0,1015.0657894736842,252.9551915801856,210,1095,0.24920078501620543,1095.0,1095.0,1215.0,0.0,1215,1215,0.0,1215.0,1215.0,1043.25,181.22715948039723,518,1105,0.17371402777879083,1105.0,1105.0,15.760176809210526,21.104260277757106,0.28515625,56.6953125,1.3390877863809445,0.619140625,28.478759765625,215.45394736842104,273.64331928906057,0.23828125,646.1142578125,1.270078003351069,0.28515625,474.690673828125,2.180027341079976,395.9211885822116,0.02631578947368421,0.0,0.0,36.26607268558291,0.02631578947368421,67.52736484363169,0.013157894736842105,22749.1791951893,0.013157894736842105,0.0,0.0,15523.491402267637,0.013157894736842105,4314.599176698448,0.013157894736842105,60767.08279320499,0.02631578947368421
51a7fe09808d,idle,baseline,0.0,0.0,0,0,0.0,0.0,0.0,0.0,0.0,0,0,0.0,0.0,0.0,39.2182,0.1538801376857768,39.085,39.726,0.003923692002229911,39.162,39.188,28.0,0.0,28,28,0.0,28.0,28.0,210.0,0.0,210,210,0.0,210.0,210.0,1215.0,0.0,1215,1215,0.0,1215.0,1215.0,518.0,0.0,518,518,0.0,518.0,518.0,0.7593046875,0.29173860141592656,0.28515625,2.5263671875,0.38421809562674203,0.619140625,0.9052734375,0.2975,0.07085734279559561,0.23828125,1.0009765625,0.23817594136947787,0.28515625,0.28515625,-1.0284206349727829e-16,0.0,0.0,0.0,0.0,77.13449599478318,0.47200000000000003,0.0,0.0,0.0,0.0,0.0,0.0,0.0,0.0,122.70174342404691,0.024,37.62277453345449,0.056
531ad690152d,training_dual_gpu_dp,unknown,13.454545454545455,16.285334544065133,0,34,1.2103964862932575,0.0,32.0,5.818181818181818,7.162311170195086,0,15,1.2310222321656985,0.0,14.0,170.02377272727276,55.117252075683695,120.564,239.617,0.3241737975298934,120.933,236.82425,43.45454545454545,1.6540649128527982,42,46,0.03806425531582024,42.0,45.0,1980.0,0.0,1980,1980,0.0,1980.0,1980.0,2619.0,0.0,2619,2619,0.0,2619.0,2619.0,9661.09090909091,237.59707972610335,9317,9835,0.0245931936633061,9420.5,9835.0,18.836115056818183,33.228637975786626,0.451171875,103.546875,1.7640918986632879,2.896240234375,8.22119140625,40.59490411931818,112.22244430208843,0.404296875,533.248046875,2.7644465908695155,0.431640625,36.10986328125,31.14963297571983,275.85105932104085,0.045454545454545456,122.70619036698162,0.045454545454545456,502.61854738330567,0.045454545454545456,26.21960881847542,0.045454545454545456,0.0,0.0,0.0,0.0,3416.3640958860033,0.045454545454545456,1393.3641828990922,0.5,4658.789911947813,0.18181818181818182
55da6323edb3,nbody_sim,scientific_hpc,97.91254125412541,9.570474973443249,0,99,0.09774513919014705,99.0,99.0,88.12871287128714,8.61096364348886,0,90,0.09770894595916259,89.0,89.0,46.1156303630363,0.5786322162263995,39.726,46.555,0.012547420726089676,46.068,46.128,56.806930693069305,1.2240097303461268,46,58,0.02154683795429762,57.0,57.0,1226.0891089108911,83.68952053949329,210,1410,0.06825729054372293,1230.0,1230.0,1215.0,0.0,1215,1215,0.0,1215.0,1215.0,1839.7821782178219,132.28741091584558,518,1853,0.07190384409741328,1853.0,1853.0,6.1062567682549505,0.9934521679625831,0.3330078125,21.8388671875,0.16269413578620248,5.8173828125,6.2939453125,23.502562267945546,2.470334809812968,0.23828125,37.09765625,0.10510916986600546,23.5078125,23.876953125,0.04319137919483109,20773.820179803144,0.0016501650165016502,17914.193403829115,0.026402640264026403,1453.4728588142846,0.011551155115511552,1290.5249948478836,0.0049504950495049506,288961.87137446954,0.011551155115511552,0.0,0.0,293436.45623557654,0.0016501650165016502,5554.663804099144,0.0016501650165016502,6965.124322753161,0.019801980198019802
5ad11258e83e,cufft_benchmark,scientific_hpc,97.73762376237623,9.990349242169932,0,99,0.1022160029832183,99.0,99.0,97.58745874587459,9.9777326202949,0,99,0.10224400500248147,98.0,99.0,45.9919603960396,0.593280042093352,40.114,46.464,0.012899646741988848,46.068,46.098,56.62706270627063,1.2449675037195238,47,58,0.021985380208669667,57.0,57.0,1038.8366336633662,72.39189519875295,210,1410,0.06968554328258486,1035.0,1050.0,1215.0,0.0,1215,1215,0.0,1215.0,1215.0,1784.3366336633662,126.73827607592995,518,1797,0.07102823182846192,1797.0,1797.0,4.605665351691419,3.4791126266833383,0.28515625,87.4990234375,0.755398484314594,4.1484375,4.5771484375,16.277703112108085,2.1370293511341236,0.23828125,37.6220703125,0.13128568178720618,16.1162109375,16.629638671875,0.04137960598515973,24652.240007157092,0.01485148514851485,24649.59252963753,0.01485148514851485,1850.717260099677,0.0049504950495049506,1120.6622689686735,0.0016501650165016502,291554.6045898335,0.11386138613861387,0.0,0.0,281127.5112549081,0.0016501650165016502,20387.520821949707,0.0016501650165016502,7585.933753129296,0.01485148514851485
5e0886c1413c,rendering_proxy,rendering,86.73762376237623,8.682582753408202,0,90,0.10010169032408174,87.0,89.0,43.0990099009901,4.405117123224227,0,44,0.1022092417724153,43.0,44.0,43.692158415841575,0.42017452255984633,39.726,44.381,0.009616703266320803,43.798,43.855,58.415841584158414,5.2114317952632865,31,62,0.0892126459851833,58.0,61.0,1383.7128712871288,96.33272265378388,210,1410,0.06961901175646767,1380.0,1395.0,1215.0,0.0,1215,1215,0.0,1215.0,1215.0,1156.6072607260726,63.91358484203503,518,1163,0.055259539700500696,1163.0,1163.0,21.639413160066006,3.806132020811963,0.380859375,98.037109375,0.1758888742722478,21.421142578125,21.8388671875,138.6797132838284,14.129567311007284,0.23828125,162.6962890625,0.10188633201156945,139.1884765625,141.274169921875,0.02093201981572897,17979.30776875052,0.0033003300330033004,9024.624546288387,0.0033003300330033004,953.008285468424,0.0016501650165016502,4247.932957399422,0.0016501650165016502,301484.4919271801,0.009900990099009901,0.0,0.0,141472.85164871957,0.0016501650165016502,18466.4208521662,0.039603960396039604,34385.55140221945,0.0033003300330033004
605d61b0,mlp_large_batch_batch4096,unknown,2.8181818181818183,8.376373700094591,0,28,2.972261634462762,0.0,0.5,0.2727272727272727,0.9045340337332909,0,3,3.3166247781944422,0.0,0.0,99.60809090909089,29.723664015240605,71.834,146.788,0.2984061208649208,71.922,124.9525,44.36363636363637,1.1200649331826502,43,46,0.025247365296580802,43.5,45.0,988.6363636363636,793.5965313340619,345,1980,0.8027183305439862,345.0,1980.0,2619.0,0.0,2619,2619,0.0,2619.0,2619.0,640.4545454545455,341.6478782712879,449,1403,0.5334459419415611,449.0,725.0,12.422585227272727,17.458991585823426,0.486328125,42.779296875,1.4054233692104825,0.62939453125,18.6884765625,11.877663352272727,20.887125571395877,0.408203125,67.759765625,1.7585214322176186,0.47900390625,15.2470703125,41.909090909090885,,,,,,,,,,,,,,,,,,
6415c6fde3ed,pytorch_resnet_cifar10,ml_training,82.8970588235294,35.00709510425393,0,99,0.422295984931799,98.0,99.0,47.11764705882353,19.86937147318065,0,58,0.4216970225179803,55.0,56.0,43.26261764705882,1.2873167979139382,39.674,44.323,0.029755869337039522,43.364000000000004,43.77625,48.0735294117647,3.778636635086464,39,52,0.0786011903274808,47.0,51.0,1016.4705882352941,260.19662316049846,210,1410,0.25598047417384967,1065.0,1095.0,1215.0,0.0,1215,1215,0.0,1215.0,1215.0,4498.39705882353,1540.548120518477,518,5095,0.3424660163104934,5095.0,5095.0,15.072452320772058,13.66831178190676,0.28515625,31.900390625,0.9068406049732846,4.3388671875,31.196533203125,95.38164924172794,137.85040285676294,0.28515625,341.84375,1.4452507788574738,19.5615234375,66.113037109375,25.115261289460577,3540.90165587394,0.029411764705882353,1985.7582013658555,0.029411764705882353,102.61343796906036,0.014705882352941176,171.49201413258615,0.014705882352941176,31064.39939214707,0.029411764705882353,0.0,0.0,107084.47882327734,0.014705882352941176,2159.852007870197,0.029411764705882353,24471.006310622804,0.029411764705882353
6737c94887c4,pytorch_mlp_cifar10,ml_training,5.946666666666666,3.4046602931440475,0,12,0.5725325604100081,3.0,9.0,0.0,0.0,0,0,0.0,0.0,0.0,40.48541333333334,0.2743410332460717,39.648,40.679,0.006776293253585704,40.573,40.626,36.266666666666666,2.505849013663688,33,41,0.06909510147779209,34.0,38.0,1024.2,241.71129752527364,210,1095,0.23600009522069676,1095.0,1095.0,1215.0,0.0,1215,1215,0.0,1215.0,1215.0,1042.0,182.19339294396062,518,1105,0.17484970532033184,1105.0,1105.0,18.458697916666665,22.40988908860338,0.28515625,56.7431640625,1.2140557903141729,0.3330078125,29.01513671875,134.43501302083334,211.96549108087456,0.23828125,646.1611328125,1.5767134343673523,0.3330078125,323.1044921875,2.2632716927453647,479.1728998782649,0.013333333333333334,0.0,0.0,48.29251361715678,0.013333333333333334,185.46226390101154,0.013333333333333334,24023.216048810777,0.013333333333333334,0.0,0.0,14826.320527048252,0.013333333333333334,5219.772074631081,0.29333333333333333,50839.59513284009,0.45333333333333337
6a1a5690f566,rendering_proxy,rendering,81.70297029702971,8.701907708906301,0,95,0.1065066261014032,81.0,85.0,39.07755775577558,4.171797239488343,0,41,0.10675685685001651,39.0,40.75,43.611036303630364,0.4493066195253408,39.111,44.323,0.010302589839573157,43.712,43.769,55.32343234323432,4.838995739799237,31,58,0.08746738108528701,55.0,58.0,1396.3861386138615,97.0595424610636,210,1410,0.06950766681008545,1395.0,1410.0,1215.0,0.0,1215,1215,0.0,1215.0,1215.0,1156.6072607260726,63.91358484203503,518,1163,0.055259539700500696,1163.0,1163.0,20.15015373607673,2.7845611275228475,0.4287109375,63.466796875,0.13819056488880246,19.8837890625,20.884765625,134.72102542285478,125.8295503646225,0.23828125,3208.302734375,0.9340008359403574,128.6025390625,134.7060546875,0.02093201981572897,23373.01135687142,0.00825082508250825,10603.025961788397,0.00825082508250825,1104.9151603995367,0.0016501650165016502,3968.2013661840856,0.0016501650165016502,296881.50190539006,0.05115511551155116,0.0,0.0,141472.85164871957,0.0016501650165016502,11923.900877524546,0.00825082508250825,747478.200430533,0.00825082508250825
6a9afe438761,training_single_gpu,unknown,30.31578947368421,45.73116203735206,0,96,1.5084931921545621,0.0,95.5,13.736842105263158,20.776167182784643,0,44,1.5124412890581298,0.0,43.0,227.79342105263157,143.8253416023584,120.974,446.828,0.6313849668577401,120.99950000000001,390.1405,44.94736842105263,3.964757022266817,42,51,0.08820887988453578,42.0,49.5,1980.0,0.0,1980,1980,0.0,1980.0,1980.0,2619.0,0.0,2619,2619,0.0,2619.0,2619.0,9251.315789473685,79.17424709783334,9159,9317,0.008558160687575997,9160.0,9317.0,17.466025904605264,30.30802718535569,0.4560546875,112.90625,1.7352560536183061,0.4853515625,16.92431640625,30.958316200657894,39.30120726639854,0.3828125,118.8896484375,1.2694878820410092,0.41015625,64.15087890625,12.129824561403302,784.0701075747185,0.05263157894736842,358.37469129080375,0.05263157894736842,1559.8827264852107,0.05263157894736842,53.95196302914296,0.05263157894736842,0.0,0.0,0.0,0.0,1187.4815663136642,0.05263157894736842,955.6674935173858,0.2631578947368421,799.4441833736121,0.05263157894736842
7806fc567318,bert_sst2,ml_training,77.87692307692308,41.10258039812848,0,100,0.527788962039519,99.0,100.0,11.907692307692308,6.348531023303434,0,19,0.5331453701292878,15.0,15.0,41.83684615384615,0.8767668630893504,39.7,43.798,0.02095681065069458,41.977,42.404,51.36923076923077,4.389508908925742,42,56,0.08545015845301557,50.0,55.0,1106.7692307692307,319.2733825242272,210,1410,0.28847330920289155,1185.0,1230.0,1215.0,0.0,1215,1215,0.0,1215.0,1215.0,4270.092307692307,1761.2362554740218,518,5139,0.4124585907196552,5139.0,5139.0,2.676397235576923,2.0302388577306303,0.380859375,13.064453125,0.7585715715083009,1.7158203125,2.8603515625,9.295552884615384,8.606219683475969,0.23828125,33.9501953125,0.9258426894428043,7.2470703125,8.7734375,43.568050699300734,2215.764565455403,0.015384615384615385,352.9813366635842,0.015384615384615385,53.973737721175574,0.015384615384615385,166.11608792541614,0.015384615384615385,26089.278115941368,0.015384615384615385,0.0,0.0,105569.50955318421,0.015384615384615385,344.4847395977019,0.015384615384615385,1199.8018302309738,0.09230769230769231
78528816,resnet18_small_batch_batch8,unknown,20.306930693069308,7.75853410672071,0,29,0.38206335677240527,20.0,25.0,0.9207920792079208,0.39199919175507714,0,2,0.42571955187381844,1.0,1.0,141.46615841584156,19.005468784922233,70.444,155.796,0.13434639773648954,144.476,149.082,44.0990099009901,1.6279124699752725,40,46,0.03691494375028607,43.0,45.0,1869.5049504950496,407.78334011487954,345,1980,0.21812370168192352,1980.0,1980.0,2619.0,0.0,2619,2619,0.0,2619.0,2619.0,1285.4158415841584,264.6111587717621,449,1371,0.20585646310803749,1371.0,1371.0,13.772770343440595,14.67297509692868,0.4736328125,152.5390625,1.0653611967654317,10.8388671875,13.373046875,85.93679416769803,37.44034237806944,0.421875,281.404296875,0.43567301689858545,76.6767578125,94.3818359375,2.6430751310425173,964.3288362492333,0.019801980198019802,73.29483424775671,0.019801980198019802,1608.7126039259904,0.019801980198019802,117.63468992818633,0.009900990099009901,52178.549091537294,0.009900990099009901,0.0,0.0,29185.846724971587,0.009900990099009901,5952.18921791789,0.0891089108910891,9953.909613234624,0.039603960396039604
80ac57351a8a,nvlink_bandwidth,unknown,4.166666666666667,17.67766952966369,0,75,4.242640686101051,0.0,0.0,2.388888888888889,2.831314159410969,0,8,1.185201275536368,0.0,5.0,114.2567777777778,34.7037424860194,67.912,153.336,0.30373465067614847,70.1895,145.98875,41.166666666666664,0.8574929257125442,40,42,0.020829787668624644,40.25,42.0,1525.8333333333333,753.5528593036497,345,1980,0.49386315191905356,753.75,1980.0,2619.0,0.0,2619,2619,0.0,2619.0,2619.0,5401.555555555556,3970.4146949245996,453,9069,0.7350502376746365,583.5,9051.0,4.903917100694445,7.275770214841002,0.4765625,32.7724609375,1.4836650098198059,0.61865234375,5.2626953125,6.426323784722222,7.534964848274279,0.4169921875,27.650390625,1.1725155935988154,0.5322265625,11.4140625,684.5180598555208,600.0,0.05555555555555555,49.4945741233813,0.05555555555555555,364.04799054848974,0.05555555555555555,9.980571638216292,0.05555555555555555,13857.690856967094,0.05555555555555555,0.0,0.0,51359.066959567805,0.05555555555555555,231.5129614804992,0.05555555555555555,170.7604658521334,0.05555555555555555
85dc24b69778,resnet50_inference,ml_inference,64.42528735632185,20.99596023857894,0,100,0.32589626061159943,54.0,81.0,49.60919540229885,16.742191252553656,0,75,0.33748161235931584,41.0,65.0,43.59815106732348,1.7119116460028179,39.7,46.098,0.03926569370614018,41.534,45.147,52.389162561576356,1.7634672005116145,43,55,0.033660916003481395,52.0,53.0,1163.6453201970444,175.59652742210358,210,1410,0.1509021042530539,1035.0,1320.0,1215.0,0.0,1215,1215,0.0,1215.0,1215.0,5159.888341543514,536.9245487631524,518,5223,0.10405739683165979,5223.0,5223.0,112.69530608579639,269.78748239978506,0.23828125,902.4619140625,2.3939549194000893,0.3330078125,5.3876953125,1032.1811146603038,2514.8617429866445,0.28515625,7863.1875,2.4364539393959577,0.3330078125,19.740234375,0.3130521151663757,104505.82836615357,0.16748768472906403,83489.15559653164,0.16748768472906403,8828.214309608442,0.48768472906403937,4825.443444822709,0.003284072249589491,806832.614823649,0.3448275862068965,0.0,0.0,927843.6870005616,0.0016420361247947454,1437763.7079910384,0.4778325123152709,13585614.76874587,0.43678160919540227
86658d5d,resnet18_short_run_short,unknown,16.615384615384617,36.493237870274136,0,98,2.196352279097274,0.0,1.0,10.461538461538462,23.11065910143119,0,62,2.209107119778581,0.0,0.0,167.68384615384613,148.92416975362895,71.922,515.895,0.8881247250024685,71.997,128.092,46.53846153846154,4.054121043567575,44,56,0.0871133447359438,44.0,47.0,1113.4615384615386,836.1553499384962,345,1980,0.7509512641927936,345.0,1980.0,2619.0,0.0,2619,2619,0.0,2619.0,2619.0,1785.4615384615386,2021.0723480116776,449,4971,1.1319607308662742,449.0,3703.0,10.092172475961538,13.269872688755374,0.486328125,43.1005859375,1.3148678066142752,0.6591796875,14.96875,17.438551682692307,22.946926651872882,0.4033203125,63.6875,1.3158734204590936,1.1904296875,35.8388671875,241.4725274725276,,,,,,,,,,,,,,,,,,
88abb1142640,cufft_benchmark,scientific_hpc,97.93894389438944,9.875651745337828,0,99,0.10083477881777253,99.0,99.0,97.74257425742574,9.852619870923826,0,100,0.10080172274646733,99.0,99.0,46.01712871287129,0.5922858394702832,39.7,46.586,0.012870986435356321,46.098,46.128,56.51485148514851,2.1325367413279173,42,58,0.037734094406150755,57.0,57.0,1038.3663366336634,71.38340980566272,210,1410,0.06874588214889145,1035.0,1050.0,1215.0,0.0,1215,1215,0.0,1215.0,1215.0,1784.3366336633662,126.73827607592995,518,1797,0.07102823182846192,1797.0,1797.0,5.408352993502476,3.806086918429149,0.380859375,75.33984375,0.7037423264158218,4.7197265625,5.2451171875,17.500678436984323,8.489623202905985,0.23828125,221.0615234375,0.4851025194817416,17.0703125,17.546875,0.04137960598515973,22940.7359702806,0.0016501650165016502,23139.223392904467,0.02145214521452145,1392.0209870147473,0.0033003300330033004,1972.6807456139825,0.0033003300330033004,285858.97317797353,0.036303630363036306,0.0,0.0,281127.5112549081,0.0016501650165016502,18196.95203085839,0.0016501650165016502,49503.65473801643,0.037953795379537955
8c07ad65,resnet50_inference_large_bs1024,unknown,92.82945736434108,25.525148148140033,0,100,0.2749681929916153,100.0,100.0,77.86046511627907,21.480275903883935,0,86,0.2758816797655753,83.0,85.0,586.2712170542635,138.9705537768569,69.13,633.475,0.23704140632194323,621.756,628.155,60.15503875968992,4.57310345321407,44,65,0.07602195173386704,59.0,63.0,1893.953488372093,361.7269096912302,345,1980,0.19099038699305854,1980.0,1980.0,2619.0,0.0,2619,2619,0.0,2619.0,2619.0,11552.054263565891,2943.167554667073,449,12349,0.2547743879587976,12349.0,12349.0,23.428794210271317,27.428591549053852,0.5068359375,187.50390625,1.1707214337073428,11.63671875,22.9345703125,55.84427234738372,59.561084379874856,0.421875,249.3779296875,1.0665567277572148,26.7587890625,36.9755859375,18.565205724508058,4488.735260647976,0.007751937984496124,3786.686044444274,0.015503875968992248,20130.19454851984,0.007751937984496124,542.5368709965404,0.007751937984496124,69883.33816906415,0.007751937984496124,0.0,0.0,483770.31215214665,0.007751937984496124,14077.956268541377,0.007751937984496124,29681.561256681758,0.4728682170542636
8c4a6a2b5ad3,gpt2_wikitext2,ml_training,84.52713178294573,35.760067970297676,0,100,0.42306023185196495,99.0,100.0,19.06201550387597,8.289443529635012,0,26,0.43486710665588396,19.0,24.0,41.742558139534886,0.8370389673853373,39.162,43.371,0.02005241184709557,41.48,42.032,47.8062015503876,8.39743033554373,30,57,0.17565566941178556,44.0,54.0,1073.139534883721,212.47156957557166,210,1410,0.19799062719126814,1095.0,1140.0,1215.0,0.0,1215,1215,0.0,1215.0,1215.0,9317.891472868218,3466.557253422312,518,10751,0.3720323705760945,10751.0,10751.0,3.247903040213178,3.2054104655370663,0.28515625,32.615234375,0.9869169198904904,2.0498046875,3.3369140625,8.98617671996124,7.61375437759246,0.23828125,35.1904296875,0.8472740536954437,3.2421875,10.060546875,44.39008832737027,5487.578488447534,0.007751937984496124,1692.7795826892095,0.007751937984496124,215.74819139612373,0.007751937984496124,772.7712137182725,0.007751937984496124,55548.93013870348,0.007751937984496124,0.0,0.0,466468.81378612487,0.007751937984496124,1717.396345235851,0.007751937984496124,3600.458763411975,0.007751937984496124
8d3b514d9907,nvlink_latency,unknown,1.5555555555555556,4.666666666666666,0,14,2.999999998071428,0.0,0.0,0.0,0.0,0,0,0.0,0.0,0.0,122.72111111111111,0.7652536253498656,122.26,124.093,0.006235712978924815,122.313,122.453,42.0,0.0,42,42,0.0,42.0,42.0,1980.0,0.0,1980,1980,0.0,1980.0,1980.0,2619.0,0.0,2619,2619,0.0,2619.0,2619.0,9109.0,47.43416490252569,9069,9159,0.005207395422386703,9069.0,9159.0,1.3221571180555556,1.2915462212139563,0.4638671875,3.3212890625,0.976847760829314,0.46875,2.44921875,2.28515625,5.096152177984798,0.3857421875,15.8115234375,2.230111037595213,0.4052734375,0.4345703125,14.99999999999994,,,,,,,,,,,,,,,,,,
9355626dd301,nvlink_bandwidth,unknown,44.44444444444444,51.016977822522875,0,100,1.1478820009809374,0.0,100.0,2.5,3.0917347120042113,0,10,1.236693884307007,0.0,5.0,123.57083333333331,37.649725139610716,71.296,163.644,0.30468132425509825,77.2725,158.31799999999998,43.833333333333336,1.2485285456935955,42,45,0.028483540965744,42.5,45.0,1525.8333333333333,753.5528593036497,345,1980,0.49386315191905356,753.75,1980.0,2619.0,0.0,2619,2619,0.0,2619.0,2619.0,5402.555555555556,3970.473526689706,453,9069,0.7349250712666996,584.5,9051.5,3.1239149305555554,2.68481448671619,0.5263671875,9.8388671875,0.8594390518115949,0.661376953125,4.042724609375,3.2089301215277777,8.521412397284221,0.412109375,36.986328125,2.655530682161327,0.479736328125,2.026123046875,684.5036119711042,688.5824299436172,0.05555555555555555,62.071257583027126,0.05555555555555555,379.4579358126957,0.05555555555555555,17.190111005119768,0.05555555555555555,13857.690856967094,0.05555555555555555,0.0,0.0,51359.38185181267,0.05555555555555555,80.24219149850597,0.1111111111111111,287.4048789439057,0.5
973f4e31295a,bert_sst2,ml_training,80.734375,38.8302133173363,0,100,0.48096258027457744,99.0,100.0,12.09375,6.08854962268819,0,16,0.5034459635915034,15.0,15.0,42.003484375,0.9770754709552693,39.648,43.399,0.023261771861801825,41.95,42.459,51.546875,4.503718701568421,42,56,0.08737132370257267,50.75,55.0,1104.375,319.88279103446627,210,1410,0.2896505181973303,1200.0,1215.0,1215.0,0.0,1215,1215,0.0,1215.0,1215.0,4256.515625,1771.727719166547,518,5139,0.4162389793097801,5139.0,5139.0,2.6823577880859375,5.9416562103212796,0.28515625,48.4462890625,2.215087127637066,1.65625,2.013916015625,9.924331665039062,9.085656786745865,0.28515625,34.236328125,0.9154930621511641,7.03271484375,8.987548828125,44.77287087912087,2275.7245581800976,0.015625,368.7088602532053,0.015625,51.40071532131978,0.015625,175.6034329146371,0.015625,25581.35703797846,0.015625,0.0,0.0,106386.80006151623,0.015625,1221.4883634754892,0.015625,1047.9051551999098,0.03125
997e47e8a0b0,bert_sst2,ml_training,77.18461538461538,40.941991092463795,0,100,0.5304423801027841,98.0,99.0,13.353846153846154,7.3280939908315545,0,19,0.5487627988114994,15.0,19.0,42.06430769230769,0.9846368925122376,39.674,43.798,0.02340789487589476,41.977,42.83,51.16923076923077,4.6049200277028115,41,56,0.08999392717824208,50.0,55.0,1110.2307692307693,319.65854679401514,210,1410,0.2879208139900543,1200.0,1230.0,1215.0,0.0,1215,1215,0.0,1215.0,1215.0,4270.092307692307,1761.2362554740218,518,5139,0.4124585907196552,5139.0,5139.0,2.6008263221153847,1.6337722442798264,0.5712890625,9.345703125,0.6281742958994746,1.9072265625,2.7177734375,8.899474158653845,7.590380988545138,0.23828125,33.5693359375,0.8529021886435113,7.15234375,8.9638671875,43.568050699300734,2228.0084978639693,0.015384615384615385,377.0760711812062,0.015384615384615385,64.16157873450872,0.015384615384615385,174.53098201977468,0.015384615384615385,25494.62105390706,0.015384615384615385,0.0,0.0,105569.50955318421,0.015384615384615385,253.3694110589195,0.03076923076923077,1072.9956059151891,0.03076923076923077
a699571b6e81,nvlink_bandwidth,unknown,5.555555555555555,23.57022603955158,0,100,4.242640686355609,0.0,0.0,2.5,3.0917347120042113,0,10,1.236693884307007,0.0,5.0,116.29066666666667,35.311741448385796,68.708,155.778,0.30365069235778863,71.04025,147.68425000000002,44.111111111111114,0.8323523637957304,43,45,0.01886944905287594,43.25,45.0,1525.8333333333333,753.5528593036497,345,1980,0.49386315191905356,753.75,1980.0,2619.0,0.0,2619,2619,0.0,2619.0,2619.0,5401.666666666667,3970.2835578094123,453,9069,0.735010840692751,584.0,9051.0,9.41015625,15.399265947033854,0.494140625,65.322265625,1.6364516737325592,1.159912109375,8.712646484375,11.854654947916666,11.224021668132016,0.421875,36.1552734375,0.9468028986501813,0.53466796875,18.385009765625,684.5036119711041,800.0,0.16666666666666666,62.071257583027126,0.05555555555555555,383.7615179335198,0.05555555555555555,9.931005342473618,0.05555555555555555,13857.690856967094,0.05555555555555555,0.0,0.0,51359.25037094644,0.05555555555555555,436.2193107381306,0.05555555555555555,357.68904968738525,0.5
a8610b226b27,resnet50_inference,ml_inference,64.36677631578948,22.44382366181692,0,100,0.3486864644480052,56.0,80.0,47.46217105263158,17.348313181332045,0,73,0.3655187446383078,39.0,59.0,43.448638157894734,1.7048219985613775,39.726,46.098,0.03923763944744881,41.507,45.147,52.07401315789474,1.4233111081330696,43,54,0.027332464348197725,51.0,53.0,1176.5871710526317,170.61157258055187,210,1410,0.14500546731932282,1065.0,1335.0,1215.0,0.0,1215,1215,0.0,1215.0,1215.0,5161.106907894737,536.2786473125748,518,5223,0.1039076804419895,5223.0,5223.0,117.55608649002879,268.1116732651175,0.23828125,899.7431640625,2.2807128177542575,0.619140625,5.53125,1006.5236189992804,2357.486986611577,0.23828125,7862.0908203125,2.3422073184463645,0.380859375,19.847900390625,0.3013039739466815,111934.29076254655,0.49671052631578944,87815.6892411507,0.49671052631578944,9165.317470565065,0.4358552631578947,4730.770849435122,0.001644736842105263,821169.8030864457,0.4358552631578947,0.0,0.0,991224.3572760783,0.001644736842105263,1441366.771005315,0.4375,12652144.906961238,0.4276315789473684
ad44e624b85a,pytorch_resnet_cifar10,ml_training,80.98550724637681,35.715581026321566,0,99,0.44101200622508197,96.0,99.0,46.10144927536232,20.431481567551174,0,58,0.4431852336153572,54.0,56.0,43.26397101449276,1.3626705718488157,39.648,44.352,0.03149665968851647,43.712,43.798,49.492753623188406,3.3414649323744445,41,53,0.06751422557223373,48.0,52.0,1026.9565217391305,267.86632063195304,210,1410,0.2608351132315377,1065.0,1095.0,1215.0,0.0,1215,1215,0.0,1215.0,1215.0,4474.739130434783,1555.600164606176,518,5095,0.34764041416972613,5095.0,5095.0,15.937641530797102,17.958271366260664,0.3330078125,113.486328125,1.1267834911729075,5.3876953125,31.8046875,105.45788043478261,144.17618502542825,0.28515625,340.318359375,1.367144725739322,19.025390625,334.9775390625,16.69225429302158,3613.4097717726927,0.028985507246376812,2072.6102738051854,0.028985507246376812,126.3698324560864,0.014492753623188406,170.17608218985137,0.014492753623188406,33986.70708019078,0.043478260869565216,0.0,0.0,102656.78112064103,0.014492753623188406,3495.4264350411113,0.2028985507246377,26297.917158918757,0.014492753623188406
ad8b8fd00019,nvlink_latency,unknown,0.6666666666666666,1.9999999999999998,0,6,2.9999999955,0.0,0.0,0.0,0.0,0,0,0.0,0.0,0.0,118.35755555555556,0.7699052070078349,117.943,119.723,0.006504909664511837,117.954,118.013,41.0,0.0,41,41,0.0,41.0,41.0,1980.0,0.0,1980,1980,0.0,1980.0,1980.0,2619.0,0.0,2619,2619,0.0,2619.0,2619.0,9069.0,0.0,9069,9069,0.0,9069.0,9069.0,1.4371744791666667,1.4575825893237428,0.4541015625,3.689453125,1.014200161106889,0.4677734375,2.65625,2.0951605902777777,5.040737379092803,0.4072265625,15.537109375,2.405895471725441,0.4111328125,0.4169921875,5.317809029282373e-13,,,,,,,,,,,,,,,,,,
b0778ddc,cufft_concurrent_concurrent,unknown,92.8671875,23.852688022229838,0,99,0.25684731781042675,99.0,99.0,92.28125,23.893114186137627,0,99,0.2589162390613338,98.0,99.0,563.50721875,122.59657422009374,67.935,599.51,0.2175599001053191,593.55725,598.33875,54.875,3.743761214540273,40,58,0.06822343898810114,54.0,57.0,1916.1328125,318.0156330306265,345,1980,0.16596742718243102,1980.0,1980.0,2619.0,0.0,2619,2619,0.0,2619.0,2619.0,5361.859375,1257.194193397113,449,5685,0.2344698182982239,5685.0,5685.0,26.91675567626953,28.258496319951146,0.587890625,114.41796875,1.0498477847318977,10.553466796875,26.697998046875,48.09062957763672,38.683767819448576,0.4140625,157.4951171875,0.8043930420206654,25.002685546875,55.114501953125,7.014906839406691,4302.246489941033,0.0078125,4410.5620550179265,0.0078125,16706.001763010616,0.0078125,484.0140635039253,0.0078125,82507.03211948612,0.0078125,0.0,0.0,224933.4044881519,0.0078125,13073.951466986999,0.4921875,17221.7224240212,0.4921875
b0893b64,idle_h100,baseline,0.0,0.0,0,0,0.0,0.0,0.0,0.0,0.0,0,0,0.0,0.0,0.0,68.98709448818899,2.773615577536567,67.959,99.116,0.04020484698005686,68.2225,69.10249999999999,42.732283464566926,2.079563518372697,40,48,0.04866492847377043,41.0,44.0,346.53543307086613,17.30345193361423,345,540,0.049932706102310064,345.0,345.0,2619.0,0.0,2619,2619,0.0,2619.0,2619.0,449.0,0.0,449,449,0.0,449.0,449.0,2.650867372047244,6.504316534896561,0.509765625,46.787109375,2.4536559622066916,0.59716796875,3.77294921875,1.6202555979330708,5.374435260973776,0.41015625,42.6728515625,3.317029278906866,0.52685546875,0.55810546875,-4.616764142380088e-16,0.0,0.0,0.0,0.0,1520.9981863423097,0.007874015748031496,305.05716416554833,0.007874015748031496,9945.0,0.031496062992125984,0.0,0.0,0.0,0.0,3428.9645805860846,0.39370078740157477,2898.1079227977125,0.14173228346456693
b32ed81ee840,resnet50_inference,ml_inference,65.84893267651888,22.822185283812846,0,97,0.3465839817872164,60.0,81.0,49.75205254515599,18.13026511250914,0,73,0.36441240480861214,43.0,63.0,43.51463711001642,1.6870920378216205,39.7,45.689,0.03877067924334147,41.507,45.117,51.558292282430216,1.547589713396099,43,54,0.030016310565302854,51.0,53.0,1168.0295566502464,171.6887649780976,210,1410,0.14699008599605234,1050.0,1320.0,1215.0,0.0,1215,1215,0.0,1215.0,1215.0,5148.178981937603,582.3470624434038,518,5223,0.11311709722728301,5223.0,5223.0,143.62295066194582,299.47778109101273,0.28515625,904.130859375,2.0851666095750034,1.66796875,9.25,1230.4297099497126,2630.5100389101626,0.23828125,7862.8056640625,2.1378791633823058,0.5712890625,20.9326171875,0.2759701862060446,113500.39199194749,0.17569786535303777,90920.32261145236,0.17569786535303777,8909.259949160356,0.17898193760262726,5490.5740967067995,0.003284072249589491,813730.7979936587,0.06732348111658457,0.0,0.0,937656.6100681773,0.0016420361247947454,1608722.2164146288,0.2922824302134647,14345683.55339003,0.24466338259441706
b83769f806b3,rendering_proxy,rendering,86.52145214521452,8.593022455026064,0,95,0.09931666935622536,87.0,88.0,43.20957095709571,4.3648453795660105,0,44,0.10101570746441807,43.0,44.0,43.57327722772278,0.380065639015032,39.752,44.323,0.008722447866843008,43.371,43.827,56.70792079207921,2.247975022727487,49,61,0.03964128804739807,55.0,59.0,1389.7772277227723,96.63850100896872,210,1410,0.06953524570786555,1395.0,1410.0,1215.0,0.0,1215,1215,0.0,1215.0,1215.0,1156.6072607260726,63.91358484203503,518,1163,0.055259539700500696,1163.0,1163.0,21.569711414500826,2.3121943232512763,0.28515625,35.3330078125,0.10719634948799751,21.3623046875,21.88671875,138.52048525165017,14.033062034167385,0.28515625,176.66796875,0.10130676346225768,138.866455078125,140.9052734375,0.02093201981572897,20216.25730679228,0.0049504950495049506,9656.52102665587,0.0049504950495049506,1120.3275998891472,0.0016501650165016502,1381.9122780155135,0.0016501650165016502,293792.9114710167,0.02145214521452145,0.0,0.0,141472.85164871957,0.0016501650165016502,5879.419126208806,0.006600660066006601,33387.36914617055,0.00825082508250825
b9b97d1feda3,pytorch_resnet_cifar10_amp,ml_training,77.19148936170212,38.35964721800895,0,98,0.49694140551903654,96.0,98.0,35.148936170212764,17.89702273443007,0,46,0.5091767969093718,43.5,45.0,42.9778085106383,1.4643721853809226,39.648,44.323,0.03407275140574871,43.343,43.769,47.97872340425532,3.293533596650627,41,52,0.0686457113256555,47.0,50.0,1035.6382978723404,328.84120824573984,210,1410,0.3175251522862835,1102.5,1140.0,1215.0,0.0,1215,1215,0.0,1215.0,1215.0,2479.1063829787236,934.1048082439459,518,2927,0.37679093348193193,2926.0,2927.0,18.55155003324468,14.554186734936579,0.4765625,35.5234375,0.7845267219219263,6.03125,32.853515625,230.4507770944149,640.2610737979873,0.23828125,4402.4462890625,2.7782986105223513,23.4599609375,340.9619140625,25.22317298797412,1939.59719374891,0.02127659574468085,942.1443335767691,0.02127659574468085,70.31724008123997,0.02127659574468085,108.37938377698882,0.02127659574468085,21563.052987542593,0.0425531914893617,0.0,0.0,36685.15050790193,0.02127659574468085,1441.5874055954969,0.0425531914893617,83100.43792243449,0.425531914893617
bb63f451f7bc,nvlink_bandwidth,unknown,6.833333333333333,23.872824816219016,0,100,3.4935841189354293,0.0,0.0,2.611111111111111,3.031964785005977,0,10,1.16117800232354,0.0,5.0,115.02888888888889,34.797848234504876,68.202,151.758,0.3025139907924785,70.50675,146.57775,42.111111111111114,0.8323523637957304,41,43,0.01976562341420497,41.25,43.0,1525.8333333333333,753.5528593036497,345,1980,0.49386315191905356,753.75,1980.0,2619.0,0.0,2619,2619,0.0,2619.0,2619.0,5401.555555555556,3970.4146949245996,453,9069,0.7350502376746365,583.5,9051.0,10.207682291666666,17.464703497141002,0.447265625,61.09765625,1.7109372134052288,0.616943359375,5.243896484375,9.076171875,10.703687887102944,0.4072265625,39.375,1.1793174516016562,0.5361328125,11.418212890625,684.5180598555208,767.0753005601923,0.05555555555555555,54.864644391125125,0.05555555555555555,366.7692585918072,0.05555555555555555,9.931005342473618,0.05555555555555555,13857.690856967094,0.05555555555555555,0.0,0.0,51359.066959567805,0.05555555555555555,615.6632020682931,0.5,312.27556785303705,0.16666666666666666
bf91990ff49c,nbody_sim,scientific_hpc,97.6980198019802,10.402458198339575,0,99,0.10647562989830688,99.0,99.0,87.93564356435644,9.421663984125544,0,90,0.10714271940391358,89.0,89.0,46.13121617161716,0.6053594037743582,39.674,46.616,0.013122554617012049,46.068,46.158,57.305280528052805,1.570662387146606,46,59,0.02740868507484763,57.0,58.0,1226.2128712871288,83.25638525239852,210,1320,0.06789717120236897,1230.0,1230.0,1215.0,0.0,1215,1215,0.0,1215.0,1215.0,1839.7821782178219,132.28741091584558,518,1853,0.07190384409741328,1853.0,1853.0,6.17467737984736,7.018840744925478,0.28515625,125.1689453125,1.1367137604138715,5.4833984375,5.8642578125,24.392576513510726,22.581287749018767,0.23828125,576.2568359375,0.9257442622178738,23.4599609375,23.841796875,0.04319137919483109,25178.758793949808,0.0049504950495049506,22375.209690376454,0.0049504950495049506,1553.668853847519,0.0016501650165016502,1336.0368903190101,0.0016501650165016502,270969.5659074176,0.006600660066006601,0.0,0.0,293436.45623557654,0.0016501650165016502,38019.64549819567,0.066006600660066,134533.81958182188,0.036303630363036306
c37e2ec8123e,resnet50_inference,ml_inference,65.97536945812809,22.62482300533676,0,100,0.3429283259922159,59.0,81.0,50.03448275862069,17.807924198143475,0,74,0.3559130266959609,43.0,63.0,43.548847290640396,1.6930875937165095,39.674,45.689,0.03887789686781247,41.507,45.147,52.251231527093594,1.8454075182674667,42,54,0.03531797173575245,51.0,53.0,1170.8620689655172,174.2194642777102,210,1410,0.14879589056248801,1050.0,1335.0,1215.0,0.0,1215,1215,0.0,1215.0,1215.0,5152.637110016421,559.2632824360168,518,5221,0.10853923350214856,5221.0,5221.0,141.68758178109607,327.07650139566914,0.28515625,2763.17578125,2.308434495682805,1.048828125,6.484375,1220.6873556804187,3070.2037680750827,0.28515625,31664.1806640625,2.5151434179976553,0.380859375,20.5986328125,0.3638097327830588,112038.25369496018,0.17569786535303777,89500.16724455397,0.17569786535303777,8776.172946494395,0.4778325123152709,5646.45532521202,0.0016420361247947454,828585.5512621542,0.04433497536945813,0.0,0.0,947867.8045705322,0.0016420361247947454,1785346.0871699913,0.2791461412151067,16285033.832358573,0.41707717569786534
c38de51b,resnet50_concurrent_concurrent,unknown,92.85271317829458,25.55481265070051,0,100,0.27521880379903674,100.0,100.0,73.62015503875969,20.31632417788157,0,80,0.27596144244615384,79.0,80.0,560.6686821705426,131.0896908140916,69.417,600.331,0.23380954738967086,596.38,598.633,57.69767441860465,3.4040523900813584,45,59,0.058998086566288396,58.0,59.0,1903.953488372093,345.6575902461387,345,1980,0.18154728692532254,1980.0,1980.0,2619.0,0.0,2619,2619,0.0,2619.0,2619.0,3744.860465116279,855.1807625455024,449,3971,0.22836118208177894,3971.0,3971.0,21.59416636385659,16.29705595105073,0.4501953125,88.4150390625,0.7546971564307924,13.1708984375,26.81640625,55.57754209060077,30.093028703237177,0.4033203125,268.44140625,0.5414602296308643,45.953125,58.1123046875,5.08770125223614,4153.229360176511,0.007751937984496124,3399.2734172592654,0.007751937984496124,18660.391785910837,0.007751937984496124,423.40494526541744,0.007751937984496124,78441.89192197283,0.007751937984496124,0.0,0.0,144676.07165938712,0.007751937984496124,8774.686564902855,0.4573643410852713,14881.812954424298,0.015503875968992248
c72d54e2edc1,idle,baseline,0.0,0.0,0,0,0.0,0.0,0.0,0.0,0.0,0,0,0.0,0.0,0.0,39.245400000000004,0.18021523869546818,39.111,39.726,0.004592009221230416,39.162,39.188,28.04,0.19674775073518588,28,29,0.0070166815523598144,28.0,28.0,210.0,0.0,210,210,0.0,210.0,210.0,1215.0,0.0,1215,1215,0.0,1215.0,1215.0,518.0,0.0,518,518,0.0,518.0,518.0,0.72953125,0.27443783932622134,0.3330078125,2.193359375,0.37618380151643616,0.619140625,0.810546875,0.295546875,0.05233667920052072,0.23828125,0.810546875,0.17708419019296526,0.28515625,0.28515625,-1.0284206349727829e-16,0.0,0.0,0.0,0.0,90.3142374396372,0.312,63.58050181897582,0.008,0.0,0.0,0.0,0.0,0.0,0.0,105.53868438067514,0.024,28.042340636301926,0.12
d0a455693eb4,pytorch_resnet_cifar10,ml_training,83.33823529411765,34.02220973200136,0,99,0.4082425025142636,98.0,99.0,47.55882352941177,19.53594647221906,0,58,0.4107743846886096,56.0,57.0,43.00566176470589,1.399133800375097,39.162,44.235,0.03253371167725669,43.314,43.769,41.98529411764706,5.702821106164921,29,49,0.13582901408405545,39.0,46.0,1024.8529411764705,264.9584177291764,210,1410,0.2585331095647355,1065.0,1095.0,1215.0,0.0,1215,1215,0.0,1215.0,1215.0,4556.573529411765,1485.504942708451,518,5095,0.32601360059691553,5095.0,5095.0,17.064625459558822,17.336840227597712,0.380859375,103.9501953125,1.0159519918950495,5.50732421875,32.186279296875,96.87593347886029,139.75477708487594,0.23828125,338.9833984375,1.4426160560706216,18.19091796875,101.7802734375,20.96249570561513,2822.3688018277126,0.014705882352941176,1632.7611150926632,0.014705882352941176,112.92133415256049,0.014705882352941176,281.6971664984563,0.014705882352941176,28998.372839812826,0.029411764705882353,0.0,0.0,110539.6590494078,0.014705882352941176,2498.889281127098,0.029411764705882353,19930.81728435169,0.044117647058823525
d2de272d44bd,nbody_sim,scientific_hpc,97.95874587458746,9.827265885698123,0,99,0.10032045426734276,99.0,99.0,88.18151815181518,8.860911749377063,0,90,0.10048490811897164,89.0,89.0,46.18694059405941,0.5855194880149305,40.114,46.586,0.012677165460003715,46.098,46.525,60.14191419141914,1.9990887922341738,47,62,0.033239527192936574,59.0,61.0,1225.8415841584158,84.04122160616505,210,1410,0.06855797901797711,1230.0,1230.0,1215.0,0.0,1215,1215,0.0,1215.0,1215.0,1839.7821782178219,132.28741091584558,518,1853,0.07190384409741328,1853.0,1853.0,5.96820853960396,0.742235389631078,0.28515625,9.6318359375,0.12436485497806794,5.76953125,6.0078125,23.598934160994226,2.4820475993078635,0.23828125,26.7021484375,0.10517625848141772,23.6025390625,23.984375,0.04319137919483109,20233.957462628594,0.0049504950495049506,17965.133905379465,0.006600660066006601,1502.9533224577985,0.0016501650165016502,1654.5098160184384,0.0016501650165016502,289180.0695356823,0.00825082508250825,0.0,0.0,293436.45623557654,0.0016501650165016502,2197.7830453839824,0.0016501650165016502,6943.914196253792,0.023102310231023104
d5e2c5e7290a,nvlink_latency,unknown,1.2222222222222223,3.6666666666666665,0,11,2.999999997545454,0.0,0.0,0.0,0.0,0,0,0.0,0.0,0.0,118.84866666666666,0.743758025166788,118.438,120.166,0.006258025824105697,118.457,118.535,42.0,0.0,42,42,0.0,42.0,42.0,1980.0,0.0,1980,1980,0.0,1980.0,1980.0,2619.0,0.0,2619,2619,0.0,2619.0,2619.0,9069.0,0.0,9069,9069,0.0,9069.0,9069.0,3.8695746527777777,8.08200775498706,0.47265625,25.1494140625,2.088603652367006,0.474609375,3.0498046875,3.6070963541666665,6.3937053578180265,0.3447265625,15.7197265625,1.7725352273054553,0.3837890625,0.4169921875,5.317809029282373e-13,,,,,,,,,,,,,,,,,,
d6eae34c9e88,rendering_proxy,rendering,82.45544554455445,9.301230437549734,0,88,0.11280310689014529,82.0,86.0,39.305280528052805,4.546276853311846,0,42,0.11566580347776503,39.0,41.0,43.72534488448845,0.36740699822633877,39.648,44.323,0.008402609497730312,43.741,43.798,57.51980198019802,1.6074528777266768,46,59,0.027946078087197145,58.0,58.0,1390.7920792079208,97.54015746000537,210,1410,0.07013281058911838,1395.0,1410.0,1215.0,0.0,1215,1215,0.0,1215.0,1215.0,1156.6072607260726,63.91358484203503,518,1163,0.055259539700500696,1163.0,1163.0,20.947797416460396,16.09884368397923,0.28515625,411.9873046875,0.7685220246860193,19.8837890625,21.1708984375,135.59508109014027,124.13367080256708,0.23828125,3165.005859375,0.9154732590862246,129.568359375,136.7568359375,0.02093201981572897,18943.965671080052,0.013201320132013201,9632.040290932131,0.013201320132013201,1010.040088663316,0.00825082508250825,1662.0423031919768,0.0016501650165016502,270960.25943887624,0.0165016501650165,0.0,0.0,141472.85164871957,0.0016501650165016502,95867.40596381003,0.04950495049504951,734917.1862523253,0.013201320132013201
d9238d5a9968,mining_ethash_proxy,crypto_mining,38.90759075907591,3.983607958595101,0,43,0.1023863950651703,39.0,40.0,0.0,0.0,0,0,0.0,0.0,0.0,40.63383498349836,0.21525291485284212,40.14,41.134,0.005297381232535896,40.679,40.706,34.914191419141915,3.523601171086893,32,50,0.10092174636626802,33.0,35.0,1150.618811881188,80.2145155506927,210,1410,0.06971423960944753,1155.0,1170.0,1215.0,0.0,1215,1215,0.0,1215.0,1215.0,2029.881188118812,151.31301608127052,518,2045,0.07454279440927525,2045.0,2045.0,15.401125464108912,1.6594822645882872,0.380859375,19.693359375,0.10775071395579673,15.2587890625,15.7353515625,103.19288720864274,10.92859046474435,0.23828125,124.263671875,0.10590449361633075,103.5205078125,105.034912109375,0.04940317305655527,10070.147204954817,0.026402640264026403,0.0,0.0,1004.4156820444866,0.0016501650165016502,3299.7380261370054,0.0016501650165016502,242554.56284652144,0.02145214521452145,0.0,0.0,335638.5533121539,0.0016501650165016502,4454.202628502426,0.0049504950495049506,27452.77028935664,0.0016501650165016502
d965eaef1e16,pytorch_resnet_cifar10_amp,ml_training,76.97872340425532,38.83940701742638,0,98,0.5045472995564749,96.5,98.0,34.93617021276596,18.108854734534837,0,46,0.5183411525571104,43.0,45.0,42.927978723404266,1.4658551219912215,39.648,44.323,0.03414684701094237,43.314,43.769,47.808510638297875,3.4366205459809325,40,52,0.07188302877513365,47.0,50.0,1027.0212765957447,322.25877323785875,210,1410,0.31378003609207816,1102.5,1140.0,1215.0,0.0,1215,1215,0.0,1215.0,1215.0,2479.1063829787236,934.1048082439459,518,2927,0.37679093348193193,2926.0,2927.0,18.561668882978722,14.724098296589943,0.4765625,35.857421875,0.7932529337003134,4.625,33.0439453125,125.31023520611703,153.90646802104817,0.23828125,349.1875,1.2282034884593929,11.06201171875,338.578125,25.22317298797412,1954.988041170971,0.02127659574468085,958.4526495335926,0.02127659574468085,69.37743384067234,0.02127659574468085,117.22471221981627,0.02127659574468085,18506.451645148674,0.02127659574468085,0.0,0.0,36685.15050790193,0.02127659574468085,1368.5651945168258,0.02127659574468085,17298.41626310909,0.10638297872340426
dbd124ff5cc7,gpt2_wikitext2,ml_training,84.22307692307692,36.18241154466954,0,100,0.42960210985032354,99.0,100.0,18.915384615384614,8.323902833290166,0,25,0.44005993016287676,19.0,24.0,41.65855384615384,0.8656463110519244,39.136,43.314,0.02077955740441687,41.48,42.005,45.823076923076925,8.156858895941534,29,55,0.17800766433595072,41.25,52.0,1072.6153846153845,212.70062611714644,210,1410,0.1983009279633051,1095.0,1140.0,1215.0,0.0,1215,1215,0.0,1215.0,1215.0,9322.238461538462,3471.4806567871333,518,10751,0.3723870260463019,10751.0,10751.0,3.653523137019231,16.72755490446609,0.28515625,192.451171875,4.578472414857891,1.441650390625,2.2880859375,78.28952073317308,798.2649285096255,0.23828125,9109.591796875,10.196319009540007,3.254150390625,9.822265625,44.039265864616524,4389.3306067420635,0.007692307692307693,1475.5992286866867,0.007692307692307693,178.48909474443752,0.007692307692307693,726.2411972058565,0.007692307692307693,56386.10854817547,0.015384615384615385,0.0,0.0,478255.6486908366,0.007692307692307693,10133.666203952995,0.07692307692307693,482733.64888030646,0.3307692307692308
dc0185c6c987,gpt2_wikitext2,ml_training,85.17692307692307,35.398608430717246,0,100,0.41558918955470203,99.25,100.0,18.96153846153846,8.088084686367848,0,25,0.42655213353848626,19.0,23.0,41.90821538461538,0.7247182182652169,39.674,43.343,0.01729298686657915,41.95675,42.404,52.16923076923077,5.0472779701115185,40,58,0.09674817695398409,50.0,56.0,1068.1153846153845,212.38427344424557,210,1410,0.19884019695168395,1095.0,1125.0,1215.0,0.0,1215,1215,0.0,1215.0,1215.0,9321.73076923077,3472.7699928266084,518,10751,0.3725456225671286,10751.0,10751.0,2.5399564302884614,1.707899369351939,0.28515625,16.259765625,0.6724128604385395,1.763671875,2.896240234375,9.528553185096154,13.212237183527355,0.23828125,136.1845703125,1.3865942631045338,3.778564453125,9.7265625,44.05999535703074,4576.779084159954,0.007692307692307693,1489.4630582360576,0.007692307692307693,164.20290135617847,0.007692307692307693,349.7978322888411,0.007692307692307693,58424.803350837945,0.03076923076923077,0.0,0.0,478472.9042467913,0.007692307692307693,937.2189927319528,0.3615384615384616,7697.81811975751,0.3769230769230769
dd8a9fd9c906,cufft_benchmark,scientific_hpc,97.98844884488449,9.816070407810749,0,99,0.10017579136546381,99.0,99.0,97.86138613861387,9.80726298880795,0,100,0.10021586016384876,99.0,99.0,46.033156765676566,0.5629680790493635,40.14,46.616,0.012229621398828258,46.098,46.128,57.1996699669967,1.269372158203475,47,58,0.0221919489905045,57.0,58.0,1034.1336633663366,71.5278385759765,210,1410,0.06916691827153969,1035.0,1035.0,1215.0,0.0,1215,1215,0.0,1215.0,1215.0,1784.3366336633662,126.73827607592995,518,1797,0.07102823182846192,1797.0,1797.0,5.258088064665841,1.077741399926354,0.28515625,23.841796875,0.2049683052978455,4.8154296875,5.578125,17.905208977929043,15.643154274633567,0.23828125,399.2548828125,0.8736649928544551,17.1181640625,17.642578125,0.04137960598515973,21911.846846497192,0.0016501650165016502,22120.235993787453,0.0016501650165016502,1389.2317243269672,0.0033003300330033004,1345.9950141795134,0.0016501650165016502,288721.61172949243,0.011551155115511552,0.0,0.0,281127.5112549081,0.0016501650165016502,5172.743393315776,0.0049504950495049506,92833.45358037972,0.05115511551155116
e08b1ef6,resnet18_large_batch_batch2048,unknown,25.4375,43.38658586859922,0,98,1.7056151692144905,0.0,34.25,12.75,21.834223900412248,0,50,1.7124881489176282,0.0,17.5,195.9143125,173.15553898916767,71.882,482.619,0.8838330226041237,72.128,255.3135,47.375,5.302515126491076,43,57,0.11192644066235673,43.0,51.75,1274.0625,827.1058351263156,345,1980,0.649187802894808,345.0,1980.0,2619.0,0.0,2619,2619,0.0,2619.0,2619.0,2968.0,3354.357563925865,449,7545,1.1301743813762584,449.0,7545.0,11.010986328125,18.61137586332565,0.474609375,73.0869140625,1.690255105857045,0.6171875,11.46044921875,24.14862060546875,31.87249923813123,0.4208984375,126.7412109375,1.319847611900179,0.57861328125,36.162841796875,252.1470588235294,621.6744880916535,0.0625,317.0408040442755,0.0625,2113.728461413416,0.0625,56.5714533913265,0.0625,10347.260276702633,0.0625,0.0,0.0,39464.285470538096,0.0625,463.89262321029423,0.1875,734.4608502453261,0.0625
e2616a3efd04,cufft_benchmark,scientific_hpc,98.01155115511551,9.809838133298175,0,99,0.10008859177907299,99.0,99.0,97.86468646864687,9.8014085925138,0,100,0.10015265920821957,99.0,99.0,46.03388778877888,0.5498291641063426,40.14,46.555,0.011944008870535238,46.098,46.158,57.227722772277225,1.543086023228735,46,58,0.026963959920999807,57.0,58.0,1034.2821782178219,70.85035734846048,210,1410,0.06850196091599942,1035.0,1035.0,1215.0,0.0,1215,1215,0.0,1215.0,1215.0,1784.3366336633662,126.73827607592995,518,1797,0.07102823182846192,1797.0,1797.0,4.89701777794967,5.627465674787707,0.28515625,95.9873046875,1.1491617814780952,4.291015625,4.4345703125,17.34781578743812,1.7830888147484303,0.28515625,25.6533203125,0.10278462928669176,17.2607421875,17.73828125,0.04137960598515973,21762.68097521225,0.0016501650165016502,21877.904963275345,0.01485148514851485,1292.1218153979075,0.0016501650165016502,1413.367168598405,0.0016501650165016502,285937.9493469403,0.07920792079207921,0.0,0.0,281127.5112549081,0.0016501650165016502,30698.63811825287,0.10891089108910891,4785.957943279372,0.009900990099009901
e2c1bd51d25a,resnet50_inference,ml_inference,69.02134646962233,20.54763090198083,0,100,0.2976996531171201,65.0,81.0,52.17077175697865,16.250416985402687,0,74,0.3114850794385164,47.0,63.0,43.617663382594415,1.6424420792045693,39.674,46.128,0.03765543478934566,41.534,45.147,52.48275862068966,1.9424571413332432,42,55,0.0370113384346851,52.0,54.0,1159.384236453202,167.5902844299526,210,1410,0.14455111529073542,1050.0,1305.0,1215.0,0.0,1215,1215,0.0,1215.0,1215.0,5157.341543513958,543.92720488021,518,5223,0.10546658589330102,5223.0,5223.0,115.04704176929393,270.8497771362778,0.28515625,909.8046875,2.3542524255170667,1.2392578125,6.818359375,1197.704682047927,2618.331483214512,0.23828125,7866.4296875,2.186124444913501,2.4794921875,20.6943359375,0.33760726717868467,96437.25017872949,0.022988505747126436,77480.64422298886,0.022988505747126436,7999.472692631331,0.21182266009852216,5111.609611910414,0.0016420361247947454,749165.6168793822,0.07060755336617405,0.0,0.0,881282.9340056195,0.0016420361247947454,1442612.9950450733,0.28078817733990147,13782615.592560705,0.013136288998357963
e9d0726855c7,gpt2_wikitext2,ml_training,84.3,35.97170507345284,0,100,0.4267106177108675,99.0,100.0,19.06153846153846,8.371929700918056,0,26,0.4392053515182609,19.0,24.0,41.870792307692305,0.6785014917883195,39.674,42.887,0.016204648977885806,41.977,42.297,53.223076923076924,5.016662754046301,41,59,0.09425728544786324,51.0,57.0,1071.0,213.32582351122937,210,1410,0.1991837754538097,1095.0,1125.0,1215.0,0.0,1215,1215,0.0,1215.0,1215.0,9330.13076923077,3452.623719529586,518,10751,0.37005094622204,10751.0,10751.0,2.8055138221153846,1.29948150370415,0.380859375,6.580078125,0.46318841596764615,1.966064453125,3.313232421875,8.65518329326923,6.367737395199523,0.23828125,33.90234375,0.7357137542558722,4.136474609375,10.144287109375,43.724783897089985,5090.471180621103,0.007692307692307693,1566.6998694985036,0.007692307692307693,168.45984216338132,0.007692307692307693,425.98326960294185,0.007692307692307693,58790.96759808426,0.03076923076923077,0.0,0.0,473539.62176379724,0.007692307692307693,595.2363583982149,0.007692307692307693,2765.882038169963,0.3615384615384616
ee2fa27b,cufft_short_dur120,unknown,91.37692307692308,26.480434603981536,0,99,0.2897934589174111,99.0,99.0,91.36153846153846,26.476259322123052,0,99,0.28979655736619714,99.0,99.0,582.0567461538461,139.84758907231173,71.874,628.429,0.24026452746431654,620.77725,626.545,62.46153846153846,5.115948382005672,44,66,0.08190557754311449,62.0,65.0,1896.8076923076924,351.9601830932092,345,1980,0.1855539623338527,1980.0,1980.0,2619.0,0.0,2619,2619,0.0,2619.0,2619.0,5322.507692307692,1334.0371102665313,449,5685,0.25064071061734416,5685.0,5685.0,14.738408954326923,14.012440124200014,0.4873046875,119.3037109375,0.9507430664105353,10.1220703125,13.46484375,25.699669471153847,9.122362415856248,0.4443359375,70.201171875,0.35496030117198696,24.08837890625,24.735595703125,8.646399650411745,4737.320896330602,0.007692307692307693,4740.098312782205,0.007692307692307693,16026.338556136338,0.007692307692307693,535.9154757251272,0.007692307692307693,75941.90217839944,0.007692307692307693,0.0,0.0,246357.38010125628,0.007692307692307693,7594.429616459457,0.09230769230769231,3437.0629331491696,0.046153846153846156
efe845ec,nbody_short_dur120,unknown,90.90151515151516,28.855221615518477,0,100,0.3174338905914274,100.0,100.0,75.1590909090909,23.862145288996945,0,83,0.31748847677710795,82.0,83.0,523.164696969697,137.10787336671848,71.13,581.932,0.26207401638646505,557.29475,574.3235,60.24242424242424,3.2903309936315064,49,63,0.054618170416517765,60.0,62.0,1871.8181818181818,402.28321302745405,345,1980,0.21491575246719916,1980.0,1980.0,2619.0,0.0,2619,2619,0.0,2619.0,2619.0,13220.265151515152,3864.388094041763,449,14381,0.29230791135823625,14381.0,14381.0,20.58703243371212,23.183026687193735,0.5888671875,152.0634765625,1.1260985166616082,11.2958984375,18.00537109375,41.96676728219697,37.15295120722172,0.431640625,221.7978515625,0.8852945702610111,26.751708984375,34.143798828125,30.775231799136954,5072.343678699963,0.007575757575757576,4238.822556687976,0.007575757575757576,17522.692259160976,0.007575757575757576,485.1123943360797,0.007575757575757576,69553.76739392131,0.007575757575757576,0.0,0.0,707141.6492315033,0.007575757575757576,12067.920684710542,0.015151515151515152,20681.6492464808,0.48484848484848486
f0b9dbe17bbd,idle,baseline,0.0,0.0,0,0,0.0,0.0,0.0,0.0,0.0,0,0,0.0,0.0,0.0,39.298024,0.22350880274214266,39.111,39.7,0.005687532857541518,39.162,39.622,29.0,0.0,29,29,0.0,29.0,29.0,210.0,0.0,210,210,0.0,210.0,210.0,1215.0,0.0,1215,1215,0.0,1215.0,1215.0,518.0,0.0,518,518,0.0,518.0,518.0,0.8108125,0.3038821086979651,0.3330078125,1.859375,0.37478715279201785,0.619140625,1.0009765625,0.3272578125,0.039128051097875975,0.28515625,0.6669921875,0.11956338239690638,0.3330078125,0.3330078125,-1.0284206349727829e-16,0.0,0.0,0.0,0.0,111.42890303844848,0.12,0.0,0.0,0.0,0.0,0.0,0.0,0.0,0.0,113.79524532611146,0.016,17.077470252593965,0.2
f31207012404,cufft_benchmark,scientific_hpc,97.97854785478548,9.823291694028567,0,99,0.10025961712034619,99.0,99.0,97.95379537953795,9.81773620795397,0,99,0.10022823689284649,99.0,99.0,46.05178052805281,0.5975038625833604,40.166,46.586,0.012974609357534214,46.098,46.158,59.417491749174914,1.7848650144384932,49,61,0.03003938675067412,58.0,61.0,1032.4257425742574,73.01798893509297,210,1410,0.07072468839546629,1035.0,1035.0,1215.0,0.0,1215,1215,0.0,1215.0,1215.0,1784.3366336633662,126.73827607592995,518,1797,0.07102823182846192,1797.0,1797.0,5.171718685540429,3.983655134242376,0.28515625,93.6025390625,0.7702768413544944,4.5771484375,5.435546875,16.885416666666668,2.1655056289778885,0.23828125,49.208984375,0.12824709461416753,16.83203125,17.1181640625,0.04137960598515973,22134.151344797283,0.0016501650165016502,22103.132304503433,0.0033003300330033004,1869.751128761697,0.0016501650165016502,1188.3022315639257,0.0016501650165016502,304302.22242232313,0.0891089108910891,0.0,0.0,281127.5112549081,0.0016501650165016502,22495.76616110337,0.0016501650165016502,8851.627886927989,0.013201320132013201
f9745856c04e,mining_ethash_proxy,crypto_mining,39.10891089108911,3.9623876016987616,0,44,0.10131674626869416,39.0,40.0,0.0,0.0,0,0,0.0,0.0,0.0,40.63681518151816,0.1825979429261912,39.213,40.733,0.004493411752521992,40.679,40.706,32.22937293729373,0.43620671746009193,31,33,0.013534446304470526,32.0,32.0,1184.6287128712872,80.58762963533167,210,1230,0.06802775313451286,1185.0,1200.0,1215.0,0.0,1215,1215,0.0,1215.0,1215.0,2029.881188118812,151.31301608127052,518,2045,0.07454279440927525,2045.0,2045.0,16.142794064562707,1.6696662596920961,0.28515625,25.0810546875,0.10343105740622571,16.1162109375,16.40234375,107.06347172803218,10.864156579467384,0.23828125,131.08203125,0.10147397991131435,107.300048828125,108.945068359375,0.04940317305655527,9795.645748014616,0.0033003300330033004,0.0,0.0,836.7366902646105,0.03135313531353135,439.09549589934386,0.0016501650165016502,233395.0111061912,0.0033003300330033004,0.0,0.0,335638.5533121539,0.0016501650165016502,4632.173757988432,0.013201320132013201,26149.5736388839,0.0033003300330033004
fa6c5eebc803,training_single_gpu,unknown,0.0,0.0,0,0,0.0,0.0,0.0,0.0,0.0,0,0,0.0,0.0,0.0,117.30363157894736,0.3159794667249954,116.982,118.017,0.0026936886988843316,117.152,117.27000000000001,41.0,0.0,41,41,0.0,41.0,41.0,1980.0,0.0,1980,1980,0.0,1980.0,1980.0,2619.0,0.0,2619,2619,0.0,2619.0,2619.0,9069.0,0.0,9069,9069,0.0,9069.0,9069.0,5.2407483552631575,11.516090545231375,0.453125,40.26953125,2.197413377322082,0.48095703125,3.685546875,4.668071546052632,10.05643413986916,0.3994140625,27.7099609375,2.154301629378127,0.41259765625,0.42578125,-1.0984732611479787e-14,0.0,0.0,0.0,0.0,7.012270725974062,0.05263157894736842,0.0,0.0,0.0,0.0,0.0,0.0,0.0,0.0,383.61114080197814,0.2631578947368421,350.97289126057626,0.2631578947368421
fe9f59190f60,rendering_proxy,rendering,86.28217821782178,8.780213247354094,0,93,0.10176160858023818,87.0,88.0,43.17821782178218,4.402995313156927,0,45,0.1019726041317474,43.0,44.0,43.55719306930693,0.3963425941263792,39.674,43.855,0.00909936031659871,43.371,43.798,55.70957095709571,2.6085949761322134,41,58,0.04682489797120099,55.0,57.0,1392.5742574257426,96.74738477184526,210,1410,0.06947377079238787,1395.0,1410.0,1215.0,0.0,1215,1215,0.0,1215.0,1215.0,1156.6072607260726,63.91358484203503,518,1163,0.055259539700500696,1163.0,1163.0,21.369118064150165,2.173422760678914,0.28515625,25.8916015625,0.10170858498009057,21.2666015625,21.8388671875,143.9756842383457,133.7043793002923,0.23828125,3410.529296875,0.9286594469523176,139.140625,141.095703125,0.02093201981572897,21571.96799569923,0.0016501650165016502,10085.124321452535,0.0016501650165016502,1227.9775757471589,0.0016501650165016502,1981.2704943927442,0.0016501650165016502,297386.0387953112,0.018151815181518153,0.0,0.0,141472.85164871957,0.0016501650165016502,5428.607916195463,0.036303630363036306,794864.0155260293,0.0049504950495049506
