ts,gpu_idx,gpu_util,mem_util,mem_used_mb,mem_total_mb,power_w,temp_c,sm_clock_mhz,mem_clock_mhz,gr_engine_active,nvlink_rx_mb,nvlink_tx_mb,pcie_rx_mb,pcie_tx_mb,ecc_errors
1776047355.6379225,0,36,8,18260.819968,192265.846784,532.771,39,1935,3996,36,0.0,0.0,8.63,3.038,0
1776047355.6814263,0,36,8,18260.819968,192265.846784,532.771,36,1935,3996,36,0.0,0.0,6.796,1.838,0
1776047355.7314253,0,36,8,18260.819968,192265.846784,597.061,36,1965,3996,36,0.0,0.0,6.866,3.089,0
1776047355.781406,0,54,13,18260.819968,192265.846784,597.061,46,1965,3996,54,0.0,0.0,6.81,1.853,0
1776047355.8315606,0,54,13,18260.819968,192265.846784,717.527,46,1552,3996,54,0.0,0.0,5.886,3.006,0
1776047355.88154,0,54,13,18260.819968,192265.846784,717.527,48,1552,3996,54,0.0,0.0,6.072,1.786,0
1776047355.9317412,0,54,13,18260.819968,192265.846784,779.43,48,1267,3996,54,0.0,0.0,6.077,3.076,0
1776047355.9816692,0,100,21,18260.819968,192265.846784,779.43,47,1267,3996,100,0.0,0.0,6.064,1.692,0
1776047356.0317962,0,100,21,18260.819968,192265.846784,793.66,47,1350,3996,100,0.0,0.0,6.045,3.033,0
1776047356.0819044,0,100,21,18260.819968,192265.846784,793.66,48,1350,3996,100,0.0,0.0,6.082,1.838,0
1776047356.1319602,0,100,21,18260.819968,192265.846784,807.525,48,1350,3996,100,0.0,0.0,6.236,3.038,0
1776047356.181936,0,100,20,18260.819968,192265.846784,807.525,48,1350,3996,100,0.0,0.0,6.258,1.716,0
1776047356.2319837,0,100,20,18260.819968,192265.846784,823.19,48,1380,3996,100,0.0,0.0,6.213,3.035,0
1776047356.2979255,0,100,20,18260.819968,192265.846784,823.19,49,1380,3996,100,0.0,0.0,5.932,27.062,0
1776047356.346348,0,100,20,18260.819968,192265.846784,836.291,49,1410,3996,100,0.0,0.0,12.051,1.56,0
1776047356.3915558,0,100,21,18260.819968,192265.846784,836.291,49,1410,3996,100,0.0,0.0,7.573,1.499,0
1776047356.442303,0,100,21,18260.819968,192265.846784,909.656,49,1185,3996,100,0.0,0.0,6.294,1.596,0
1776047356.4919,0,100,21,18260.819968,192265.846784,909.656,48,1185,3996,100,0.0,0.0,5.969,1.553,0
1776047356.5423489,0,100,21,18260.819968,192265.846784,934.565,48,1342,3996,100,0.0,0.0,6.633,1.792,0
1776047356.5918276,0,100,19,18260.819968,192265.846784,934.565,49,1342,3996,100,0.0,0.0,6.296,1.5,0
1776047356.6424212,0,100,19,18260.819968,192265.846784,1035.175,49,1342,3996,100,0.0,0.0,11.331,6.889,0
1776047356.6916664,0,100,19,18260.819968,192265.846784,1035.175,49,1342,3996,100,0.0,0.0,7.645,10.687,0
1776047356.755,0,100,19,18260.819968,192265.846784,1035.175,49,1320,3996,100,0.0,0.0,43.642,2.088,0
1776047356.7988153,0,100,20,18260.819968,192265.846784,1013.388,50,1320,3996,100,0.0,0.0,6.297,1.643,0
1776047356.8486195,0,100,20,18260.819968,192265.846784,1013.388,50,1327,3996,100,0.0,0.0,6.101,1.443,0
1776047356.898974,0,100,20,18260.819968,192265.846784,995.046,50,1327,3996,100,0.0,0.0,6.273,1.615,0
1776047356.9486666,0,100,20,18260.819968,192265.846784,995.046,50,1312,3996,100,0.0,0.0,6.069,1.478,0
1776047356.9987664,0,100,20,18260.819968,192265.846784,996.156,50,1312,3996,100,0.0,0.0,5.972,1.487,0
1776047357.0490701,0,100,20,18260.819968,192265.846784,996.156,50,1305,3996,100,0.0,0.0,6.274,1.594,0
1776047357.0992656,0,100,20,18260.819968,192265.846784,993.63,50,1305,3996,100,0.0,0.0,6.104,1.509,0
1776047357.1489089,0,100,20,18260.819968,192265.846784,993.63,50,1312,3996,100,0.0,0.0,5.965,1.48,0
1776047357.1999204,0,100,20,18260.819968,192265.846784,993.039,50,1312,3996,100,0.0,0.0,6.128,1.649,0
1776047357.2490635,0,100,20,18260.819968,192265.846784,993.039,50,1312,3996,100,0.0,0.0,5.906,1.522,0
1776047357.3147836,0,100,20,18260.819968,192265.846784,989.351,50,1312,3996,100,0.0,0.0,18.916,1.459,0
1776047357.3582976,0,100,20,18260.819968,192265.846784,989.351,50,1305,3996,100,0.0,0.0,6.026,1.602,0
1776047357.4083545,0,100,20,18260.819968,192265.846784,986.889,50,1305,3996,100,0.0,0.0,6.084,2.101,0
1776047357.470467,0,100,20,18260.819968,192265.846784,986.889,50,1350,3996,100,0.0,0.0,6.12,1.845,0
1776047357.5144408,0,100,20,18260.819968,192265.846784,995.682,50,1350,3996,100,0.0,0.0,5.881,1.452,0
1776047357.5651636,0,100,20,18260.819968,192265.846784,995.682,50,1335,3996,100,0.0,0.0,6.059,1.529,0
1776047357.6167667,0,100,20,18260.819968,192265.846784,998.063,50,1335,3996,100,0.0,0.0,9.55,1.585,0
1776047357.6642013,0,100,20,18260.819968,192265.846784,998.063,51,1327,3996,100,0.0,0.0,6.158,1.553,0
1776047357.7146635,0,100,20,18260.819968,192265.846784,996.705,51,1327,3996,100,0.0,0.0,5.973,1.595,0
1776047357.7641666,0,100,20,18260.819968,192265.846784,996.705,51,1342,3996,100,0.0,0.0,6.122,1.516,0
1776047357.81491,0,100,20,18260.819968,192265.846784,995.393,51,1342,3996,100,0.0,0.0,5.911,1.548,0
1776047357.86428,0,100,20,18260.819968,192265.846784,995.393,50,1305,3996,100,0.0,0.0,6.089,1.57,0
1776047357.915032,0,100,20,18260.819968,192265.846784,993.634,50,1305,3996,100,0.0,0.0,5.874,1.541,0
1776047357.9644644,0,100,20,18260.819968,192265.846784,993.634,51,1305,3996,100,0.0,0.0,6.314,1.608,0
1776047358.015193,0,100,20,18260.819968,192265.846784,992.564,51,1305,3996,100,0.0,0.0,6.146,1.553,0
1776047358.064581,0,100,20,18260.819968,192265.846784,992.564,51,1342,3996,100,0.0,0.0,6.336,1.53,0
1776047358.11443,0,100,20,18260.819968,192265.846784,994.368,51,1342,3996,100,0.0,0.0,6.093,1.56,0
1776047358.1646266,0,100,20,18260.819968,192265.846784,994.368,51,1335,3996,100,0.0,0.0,6.119,1.543,0
1776047358.2146266,0,100,20,18260.819968,192265.846784,992.86,51,1335,3996,100,0.0,0.0,6.105,1.617,0
1776047358.2673347,0,100,20,18260.819968,192265.846784,992.86,51,1342,3996,100,0.0,0.0,6.117,3.428,0
1776047358.3151815,0,100,20,18260.819968,192265.846784,992.405,51,1342,3996,100,0.0,0.0,5.913,1.694,0
1776047358.3651276,0,100,20,18260.819968,192265.846784,992.405,51,1312,3996,100,0.0,0.0,6.346,1.556,0
1776047358.415086,0,100,20,18260.819968,192265.846784,994.679,51,1312,3996,100,0.0,0.0,6.082,1.597,0
1776047358.465258,0,100,20,18260.819968,192265.846784,994.679,51,1312,3996,100,0.0,0.0,6.179,1.528,0
1776047358.516122,0,100,20,18260.819968,192265.846784,993.535,51,1312,3996,100,0.0,0.0,5.874,1.537,0
1776047358.5652251,0,100,20,18260.819968,192265.846784,993.535,51,1365,3996,100,0.0,0.0,6.132,1.602,0
1776047358.6152728,0,100,20,18260.819968,192265.846784,990.826,51,1365,3996,100,0.0,0.0,6.242,1.599,0
1776047358.6652877,0,100,20,18260.819968,192265.846784,990.826,51,1327,3996,100,0.0,0.0,6.099,1.541,0
1776047358.71552,0,100,20,18260.819968,192265.846784,991.542,51,1327,3996,100,0.0,0.0,6.097,1.608,0
1776047358.7653997,0,100,20,18260.819968,192265.846784,991.542,51,1305,3996,100,0.0,0.0,6.121,1.544,0
1776047358.8154185,0,100,20,18260.819968,192265.846784,990.504,51,1305,3996,100,0.0,0.0,6.255,1.597,0
1776047358.8655283,0,100,20,18260.819968,192265.846784,990.504,51,1327,3996,100,0.0,0.0,6.121,1.523,0
1776047358.9156482,0,100,20,18260.819968,192265.846784,992.819,51,1327,3996,100,0.0,0.0,6.302,1.557,0
1776047358.9655957,0,100,20,18260.819968,192265.846784,992.819,51,1342,3996,100,0.0,0.0,6.324,1.561,0
1776047359.0157733,0,100,20,18260.819968,192265.846784,994.905,51,1342,3996,100,0.0,0.0,6.069,1.582,0
1776047359.065812,0,100,20,18260.819968,192265.846784,994.905,52,1350,3996,100,0.0,0.0,6.285,1.507,0
1776047359.1159499,0,100,20,18260.819968,192265.846784,995.67,52,1350,3996,100,0.0,0.0,6.146,1.558,0
1776047359.1659486,0,100,20,18260.819968,192265.846784,995.67,52,1357,3996,100,0.0,0.0,6.127,1.6,0
1776047359.2159693,0,100,20,18260.819968,192265.846784,995.887,52,1357,3996,100,0.0,0.0,6.047,1.572,0
1776047359.2678597,0,100,20,18260.819968,192265.846784,995.887,52,1350,3996,100,0.0,0.0,5.944,2.987,0
1776047359.3160915,0,100,20,18260.819968,192265.846784,995.991,52,1350,3996,100,0.0,0.0,6.304,1.567,0
1776047359.3661606,0,100,20,18260.819968,192265.846784,995.991,51,1305,3996,100,0.0,0.0,6.135,1.639,0
1776047359.4161544,0,100,20,18260.819968,192265.846784,994.988,51,1305,3996,100,0.0,0.0,6.259,1.525,0
1776047359.4663196,0,100,20,18260.819968,192265.846784,994.988,52,1327,3996,100,0.0,0.0,6.277,1.511,0
1776047359.5162866,0,100,20,18260.819968,192265.846784,996.689,52,1327,3996,100,0.0,0.0,6.262,1.594,0
1776047359.5664954,0,100,20,18260.819968,192265.846784,996.689,52,1305,3996,100,0.0,0.0,6.086,1.619,0
1776047359.61644,0,100,20,18260.819968,192265.846784,997.696,52,1305,3996,100,0.0,0.0,6.073,1.59,0
1776047359.6665106,0,100,20,18260.819968,192265.846784,997.696,52,1320,3996,100,0.0,0.0,6.1,1.487,0
1776047359.7165527,0,100,20,18260.819968,192265.846784,997.583,52,1320,3996,100,0.0,0.0,6.041,1.558,0
1776047359.7665806,0,100,20,18260.819968,192265.846784,997.583,52,1297,3996,100,0.0,0.0,5.919,1.543,0
1776047359.816735,0,100,20,18260.819968,192265.846784,997.261,52,1297,3996,100,0.0,0.0,6.292,1.569,0
1776047359.8667886,0,100,20,18260.819968,192265.846784,997.261,52,1305,3996,100,0.0,0.0,6.089,1.564,0
1776047359.9167542,0,100,20,18260.819968,192265.846784,996.879,52,1305,3996,100,0.0,0.0,5.895,1.571,0
1776047359.966853,0,100,20,18260.819968,192265.846784,996.879,52,1305,3996,100,0.0,0.0,6.34,1.594,0
1776047360.0170205,0,100,20,18260.819968,192265.846784,993.58,52,1305,3996,100,0.0,0.0,5.917,1.632,0
1776047360.066979,0,100,20,18260.819968,192265.846784,993.58,52,1305,3996,100,0.0,0.0,6.135,1.553,0
1776047360.117002,0,100,20,18260.819968,192265.846784,992.146,52,1305,3996,100,0.0,0.0,5.853,1.543,0
1776047360.1671393,0,100,20,18260.819968,192265.846784,992.146,52,1305,3996,100,0.0,0.0,6.139,1.527,0
1776047360.2174895,0,100,20,18260.819968,192265.846784,989.938,52,1305,3996,100,0.0,0.0,6.266,1.694,0
1776047360.277808,0,100,20,18260.819968,192265.846784,989.938,52,1350,3996,100,0.0,0.0,6.074,9.623,0
1776047360.3212223,0,100,20,18260.819968,192265.846784,990.567,52,1350,3996,100,0.0,0.0,6.361,1.575,0
1776047360.371375,0,100,20,18260.819968,192265.846784,990.567,52,1357,3996,100,0.0,0.0,6.131,1.543,0
1776047360.421224,0,100,20,18260.819968,192265.846784,994.207,52,1357,3996,100,0.0,0.0,6.049,1.596,0
1776047360.4715865,0,100,20,18260.819968,192265.846784,994.207,52,1312,3996,100,0.0,0.0,6.193,1.504,0
1776047360.5268133,0,100,20,18260.819968,192265.846784,994.501,52,1312,3996,100,0.0,0.0,6.28,3.139,0
1776047360.5716023,0,100,20,18260.819968,192265.846784,994.501,52,1372,3996,100,0.0,0.0,6.294,1.594,0
1776047360.6226842,0,100,20,18260.819968,192265.846784,993.744,52,1372,3996,100,0.0,0.0,6.908,3.387,0
1776047360.6716774,0,100,20,18260.819968,192265.846784,993.744,52,1395,3996,100,0.0,0.0,6.105,1.577,0
1776047360.7227235,0,100,20,18260.819968,192265.846784,995.109,52,1395,3996,100,0.0,0.0,6.073,3.251,0
1776047360.7717755,0,100,20,18260.819968,192265.846784,995.109,52,1357,3996,100,0.0,0.0,6.127,1.592,0
1776047360.8228126,0,100,20,18260.819968,192265.846784,995.425,52,1357,3996,100,0.0,0.0,6.092,3.208,0
1776047360.8719547,0,100,20,18260.819968,192265.846784,995.425,52,1372,3996,100,0.0,0.0,6.136,1.585,0
1776047360.9226978,0,100,20,18260.819968,192265.846784,995.136,52,1372,3996,100,0.0,0.0,6.248,3.106,0
1776047360.9720466,0,100,20,18260.819968,192265.846784,995.136,52,1395,3996,100,0.0,0.0,6.275,1.566,0
1776047361.0228176,0,100,21,18260.819968,192265.846784,998.511,52,1395,3996,100,0.0,0.0,6.137,2.925,0
1776047361.0725064,0,100,21,18260.819968,192265.846784,998.511,52,1305,3996,100,0.0,0.0,5.447,1.488,0
1776047361.1237977,0,100,21,18260.819968,192265.846784,997.012,52,1305,3996,100,0.0,0.0,7.527,2.96,0
1776047361.1722672,0,100,21,18260.819968,192265.846784,997.012,51,1305,3996,100,0.0,0.0,6.132,1.54,0
1776047361.2236016,0,100,19,18260.819968,192265.846784,988.137,51,1305,3996,100,0.0,0.0,5.789,2.987,0
1776047361.2755156,0,100,19,18260.819968,192265.846784,988.137,52,1342,3996,100,0.0,0.0,6.303,4.028,0
1776047361.3230402,0,100,19,18260.819968,192265.846784,986.383,52,1342,3996,100,0.0,0.0,6.295,3.3,0
1776047361.3725371,0,100,19,18260.819968,192265.846784,986.383,52,1342,3996,100,0.0,0.0,6.051,1.676,0
1776047361.4230475,0,100,20,18260.819968,192265.846784,984.45,52,1342,3996,100,0.0,0.0,6.044,3.391,0
1776047361.4724915,0,100,20,18260.819968,192265.846784,984.45,52,1342,3996,100,0.0,0.0,6.234,1.632,0
1776047361.523093,0,100,20,18260.819968,192265.846784,982.873,52,1312,3996,100,0.0,0.0,6.238,3.304,0
1776047361.572738,0,100,20,18260.819968,192265.846784,982.873,52,1312,3996,100,0.0,0.0,6.084,1.7,0
1776047361.6231196,0,100,21,18260.819968,192265.846784,983.182,52,1372,3996,100,0.0,0.0,6.246,3.164,0
1776047361.6728785,0,100,21,18260.819968,192265.846784,983.182,52,1372,3996,100,0.0,0.0,6.082,1.714,0
1776047361.7231677,0,100,21,18260.819968,192265.846784,980.713,52,1372,3996,100,0.0,0.0,6.268,3.149,0
1776047361.773115,0,100,21,18260.819968,192265.846784,980.713,52,1372,3996,100,0.0,0.0,6.258,1.771,0
1776047361.8231645,0,100,21,18260.819968,192265.846784,983.341,52,1395,3996,100,0.0,0.0,6.212,3.098,0
1776047361.8732274,0,100,21,18260.819968,192265.846784,983.341,53,1395,3996,100,0.0,0.0,6.137,1.66,0
1776047361.9232724,0,100,21,18260.819968,192265.846784,984.875,53,1372,3996,100,0.0,0.0,6.295,3.093,0
1776047361.9733343,0,100,21,18260.819968,192265.846784,984.875,53,1372,3996,100,0.0,0.0,6.338,1.684,0
1776047362.0234728,0,100,20,18260.819968,192265.846784,982.583,53,1350,3996,100,0.0,0.0,6.068,3.132,0
1776047362.0734122,0,100,20,18260.819968,192265.846784,982.583,53,1350,3996,100,0.0,0.0,6.269,1.725,0
1776047362.1235292,0,100,20,18260.819968,192265.846784,984.817,53,1372,3996,100,0.0,0.0,6.033,3.087,0
1776047362.17348,0,100,20,18260.819968,192265.846784,984.817,53,1372,3996,100,0.0,0.0,6.241,1.676,0
1776047362.2235959,0,100,20,18260.819968,192265.846784,993.541,53,1387,3996,100,0.0,0.0,6.273,3.055,0
1776047362.2735922,0,100,20,18260.819968,192265.846784,993.541,53,1387,3996,100,0.0,0.0,6.297,1.668,0
1776047362.3237574,0,100,20,18260.819968,192265.846784,995.539,53,1372,3996,100,0.0,0.0,6.291,3.095,0
1776047362.3736663,0,100,20,18260.819968,192265.846784,995.539,53,1372,3996,100,0.0,0.0,6.26,1.637,0
1776047362.4238951,0,100,20,18260.819968,192265.846784,994.005,53,1372,3996,100,0.0,0.0,6.239,3.019,0
1776047362.4740682,0,100,20,18260.819968,192265.846784,994.005,53,1372,3996,100,0.0,0.0,6.266,1.811,0
1776047362.5239658,0,100,20,18260.819968,192265.846784,995.091,53,1402,3996,100,0.0,0.0,6.078,3.02,0
1776047362.5739021,0,100,20,18260.819968,192265.846784,995.091,53,1402,3996,100,0.0,0.0,6.059,1.71,0
1776047362.6241267,0,100,20,18260.819968,192265.846784,995.512,53,1372,3996,100,0.0,0.0,6.273,2.992,0
1776047362.6741188,0,100,20,18260.819968,192265.846784,995.512,53,1372,3996,100,0.0,0.0,6.264,1.62,0
1776047362.724139,0,100,20,18260.819968,192265.846784,994.63,53,1342,3996,100,0.0,0.0,6.255,3.051,0
1776047362.774553,0,100,20,18260.819968,192265.846784,994.63,53,1342,3996,100,0.0,0.0,6.102,1.764,0
1776047362.8244884,0,100,20,18260.819968,192265.846784,993.43,53,1372,3996,100,0.0,0.0,6.295,3.073,0
1776047362.8743014,0,100,20,18260.819968,192265.846784,993.43,53,1372,3996,100,0.0,0.0,6.262,1.644,0
1776047362.9244714,0,100,20,18260.819968,192265.846784,991.336,53,1372,3996,100,0.0,0.0,6.241,3.065,0
1776047362.9755065,0,100,20,18260.819968,192265.846784,991.336,53,1372,3996,100,0.0,0.0,7.568,1.63,0
1776047363.024626,0,100,21,18260.819968,192265.846784,990.745,53,1402,3996,100,0.0,0.0,6.242,3.044,0
1776047363.0745356,0,100,21,18260.819968,192265.846784,990.745,53,1402,3996,100,0.0,0.0,6.123,1.648,0
1776047363.1246743,0,100,21,18260.819968,192265.846784,991.932,53,1372,3996,100,0.0,0.0,6.247,3.088,0
1776047363.174766,0,100,21,18260.819968,192265.846784,991.932,53,1372,3996,100,0.0,0.0,6.296,1.658,0
1776047363.2249146,0,100,21,18260.819968,192265.846784,993.239,53,1387,3996,100,0.0,0.0,6.105,2.987,0
1776047363.2748363,0,100,21,18260.819968,192265.846784,993.239,53,1387,3996,100,0.0,0.0,6.284,1.67,0
1776047363.3250458,0,100,21,18260.819968,192265.846784,992.636,53,1372,3996,100,0.0,0.0,6.292,3.099,0
1776047363.3749137,0,100,21,18260.819968,192265.846784,992.636,53,1372,3996,100,0.0,0.0,6.28,1.632,0
1776047363.425122,0,100,20,18260.819968,192265.846784,992.666,53,1372,3996,100,0.0,0.0,6.309,3.021,0
1776047363.475007,0,100,20,18260.819968,192265.846784,992.666,53,1372,3996,100,0.0,0.0,6.241,1.677,0
1776047363.525187,0,100,20,18260.819968,192265.846784,993.197,53,1395,3996,100,0.0,0.0,6.232,3.031,0
1776047363.5752304,0,100,20,18260.819968,192265.846784,993.197,53,1395,3996,100,0.0,0.0,6.256,1.66,0
1776047363.6257193,0,100,21,18260.819968,192265.846784,992.465,53,1372,3996,100,0.0,0.0,6.329,3.13,0
1776047363.6753793,0,100,21,18260.819968,192265.846784,992.465,53,1372,3996,100,0.0,0.0,6.094,1.751,0
1776047363.725416,0,100,21,18260.819968,192265.846784,992.856,53,1372,3996,100,0.0,0.0,6.242,3.075,0
1776047363.775468,0,100,21,18260.819968,192265.846784,992.856,53,1372,3996,100,0.0,0.0,6.294,1.65,0
1776047363.8256018,0,100,20,18260.819968,192265.846784,992.458,53,1372,3996,100,0.0,0.0,6.297,3.058,0
1776047363.8755612,0,100,20,18260.819968,192265.846784,992.458,53,1372,3996,100,0.0,0.0,6.004,1.683,0
1776047363.9257085,0,100,20,18260.819968,192265.846784,994.071,53,1372,3996,100,0.0,0.0,6.055,3.139,0
1776047363.9767256,0,100,20,18260.819968,192265.846784,994.071,53,1372,3996,100,0.0,0.0,6.255,1.777,0
1776047364.0261455,0,100,20,18260.819968,192265.846784,994.486,53,1395,3996,100,0.0,0.0,6.242,3.187,0
1776047364.0758338,0,100,20,18260.819968,192265.846784,994.486,54,1395,3996,100,0.0,0.0,6.301,1.647,0
1776047364.1258214,0,100,20,18260.819968,192265.846784,996.347,54,1395,3996,100,0.0,0.0,6.243,3.074,0
1776047364.1771054,0,100,20,18260.819968,192265.846784,996.347,54,1395,3996,100,0.0,0.0,6.08,1.704,0
1776047364.2259817,0,100,20,18260.819968,192265.846784,995.987,54,1372,3996,100,0.0,0.0,6.277,3.046,0
1776047364.2761292,0,100,20,18260.819968,192265.846784,995.987,53,1372,3996,100,0.0,0.0,6.066,1.662,0
1776047364.326193,0,100,20,18260.819968,192265.846784,995.24,53,1372,3996,100,0.0,0.0,6.326,3.047,0
1776047364.3762255,0,100,20,18260.819968,192265.846784,995.24,54,1372,3996,100,0.0,0.0,6.273,1.65,0
1776047364.4263506,0,100,20,18260.819968,192265.846784,995.105,54,1372,3996,100,0.0,0.0,6.047,3.119,0
1776047364.476296,0,100,20,18260.819968,192265.846784,995.105,54,1372,3996,100,0.0,0.0,6.3,1.701,0
1776047364.5263002,0,100,20,18260.819968,192265.846784,994.025,54,1395,3996,100,0.0,0.0,6.058,3.048,0
1776047364.5764477,0,100,20,18260.819968,192265.846784,994.025,54,1395,3996,100,0.0,0.0,6.367,1.707,0
1776047364.6265347,0,100,20,18260.819968,192265.846784,992.482,54,1372,3996,100,0.0,0.0,6.306,3.04,0
1776047364.6765776,0,100,20,18260.819968,192265.846784,992.482,54,1372,3996,100,0.0,0.0,6.279,1.621,0
1776047364.7266276,0,100,20,18260.819968,192265.846784,993.677,54,1395,3996,100,0.0,0.0,6.26,3.082,0
1776047364.7765965,0,100,20,18260.819968,192265.846784,993.677,54,1395,3996,100,0.0,0.0,6.244,1.655,0
1776047364.8268025,0,100,21,18260.819968,192265.846784,996.334,54,1402,3996,100,0.0,0.0,6.252,3.069,0
1776047364.8768494,0,100,21,18260.819968,192265.846784,996.334,54,1402,3996,100,0.0,0.0,6.326,1.641,0
1776047364.926833,0,100,21,18260.819968,192265.846784,996.845,54,1365,3996,100,0.0,0.0,6.283,3.013,0
1776047364.9769526,0,100,21,18260.819968,192265.846784,996.845,54,1365,3996,100,0.0,0.0,6.32,1.681,0
1776047365.0269356,0,100,20,18260.819968,192265.846784,996.156,54,1372,3996,100,0.0,0.0,6.054,3.012,0
1776047365.0769584,0,100,20,18260.819968,192265.846784,996.156,54,1372,3996,100,0.0,0.0,6.294,1.663,0
1776047365.1270993,0,100,20,18260.819968,192265.846784,993.125,54,1372,3996,100,0.0,0.0,6.181,3.078,0
1776047365.1770837,0,100,20,18260.819968,192265.846784,993.125,54,1372,3996,100,0.0,0.0,6.271,1.671,0
1776047365.2272758,0,100,20,18260.819968,192265.846784,992.84,54,1395,3996,100,0.0,0.0,6.33,3.065,0
1776047365.2898057,0,100,20,18260.819968,192265.846784,992.84,54,1395,3996,100,0.0,0.0,11.851,1.572,0
1776047365.3333256,0,100,20,18260.819968,192265.846784,993.534,54,1372,3996,100,0.0,0.0,6.319,3.025,0
1776047365.3834603,0,100,20,18260.819968,192265.846784,993.534,54,1372,3996,100,0.0,0.0,6.452,1.637,0
1776047365.4334214,0,100,21,18260.819968,192265.846784,993.747,54,1372,3996,100,0.0,0.0,6.027,3.025,0
1776047365.483497,0,100,21,18260.819968,192265.846784,993.747,54,1387,3996,100,0.0,0.0,6.523,1.621,0
1776047365.5336034,0,100,21,18260.819968,192265.846784,994.804,54,1387,3996,100,0.0,0.0,6.291,2.982,0
1776047365.5836964,0,100,21,18260.819968,192265.846784,994.804,54,1395,3996,100,0.0,0.0,6.38,1.625,0
1776047365.6335797,0,100,21,18260.819968,192265.846784,996.559,54,1395,3996,100,0.0,0.0,6.133,3.02,0
1776047365.6836286,0,100,21,18260.819968,192265.846784,996.559,54,1387,3996,100,0.0,0.0,6.177,1.634,0
1776047365.7337587,0,100,21,18260.819968,192265.846784,995.743,54,1387,3996,100,0.0,0.0,5.934,3.025,0
1776047365.7838175,0,100,21,18260.819968,192265.846784,995.743,54,1372,3996,100,0.0,0.0,6.154,1.605,0
1776047365.8407786,0,100,20,18260.819968,192265.846784,992.304,54,1372,3996,100,0.0,0.0,7.762,3.182,0
1776047365.8841896,0,100,20,18260.819968,192265.846784,992.304,54,1402,3996,100,0.0,0.0,6.062,1.541,0
1776047365.93442,0,100,20,18260.819968,192265.846784,993.412,54,1402,3996,100,0.0,0.0,6.208,3.012,0
1776047365.9846385,0,100,20,18260.819968,192265.846784,993.412,54,1372,3996,100,0.0,0.0,6.366,1.568,0
1776047366.0345879,0,100,20,18260.819968,192265.846784,993.531,54,1372,3996,100,0.0,0.0,6.242,2.978,0
1776047366.0845585,0,100,20,18260.819968,192265.846784,993.531,54,1372,3996,100,0.0,0.0,6.176,1.592,0
1776047366.1346962,0,100,20,18260.819968,192265.846784,994.57,54,1372,3996,100,0.0,0.0,6.165,3.08,0
1776047366.1847723,0,100,20,18260.819968,192265.846784,994.57,54,1372,3996,100,0.0,0.0,6.202,1.561,0
1776047366.2348247,0,100,20,18260.819968,192265.846784,995.19,54,1372,3996,100,0.0,0.0,5.974,3.026,0
1776047366.2917223,0,100,20,18260.819968,192265.846784,995.19,54,1365,3996,100,0.0,0.0,12.986,1.569,0
1776047366.335245,0,100,20,18260.819968,192265.846784,994.367,54,1365,3996,100,0.0,0.0,6.237,3.026,0
1776047366.3848944,0,100,20,18260.819968,192265.846784,994.367,54,1372,3996,100,0.0,0.0,4.445,0.733,0
