ts,gpu_idx,gpu_util,mem_util,mem_used_mb,mem_total_mb,power_w,temp_c,sm_clock_mhz,mem_clock_mhz,gr_engine_active,nvlink_rx_mb,nvlink_tx_mb,pcie_rx_mb,pcie_tx_mb,ecc_errors,power_ratio,thermal_headroom_C,energy_J
1776051101.162559,0,0,0,2848.84992,192265.846784,198.878,37,1965,3996,0,0.0,0.0,304.634,53.625,0,0.198878,48.0,0.0
1776051101.2049415,1,0,0,2710.437888,192265.846784,190.393,29,1965,3996,0,0.0,0.0,0.623,0.687,0,0.190393,56.0,0.0
1776051101.2487283,0,22,0,2848.84992,192265.846784,204.23,37,1965,3996,22,0.0,0.0,302.309,55.01,0,0.20423,48.0,17.598344469070433
1776051101.290737,1,0,0,2710.437888,192265.846784,190.403,29,1965,3996,0,0.0,0.0,0.688,0.638,0,0.190403,56.0,16.33570202732086
1776051101.3340485,0,22,0,2848.84992,192265.846784,223.161,38,1965,3996,22,0.0,0.0,299.688,53.394,0,0.223161,47.0,36.638493275403974
1776051101.3760412,1,0,0,2710.437888,192265.846784,190.403,29,1965,3996,0,0.0,0.0,0.671,0.664,0,0.190403,56.0,32.577889092445375
1776051101.4192002,0,22,0,2848.84992,192265.846784,245.805,39,1965,3996,22,0.0,0.0,300.933,53.304,0,0.245805,46.0,57.569200100660325
1776051101.4611952,1,0,0,2710.437888,192265.846784,190.422,29,1965,3996,0,0.0,0.0,0.641,2.18,0,0.190422,56.0,48.79309484863281
1776051101.5043216,0,95,0,2848.84992,192265.846784,245.805,39,1965,3996,95,0.0,0.0,300.355,53.632,0,0.245805,46.0,78.4924641571045
1776051101.5464008,1,0,0,2710.437888,192265.846784,190.47,29,1965,3996,0,0.0,0.0,0.64,2.176,0,0.19047,56.0,65.02219690227508
1776051101.5897639,0,95,0,2848.84992,192265.846784,263.534,39,1965,3996,95,0.0,0.0,302.071,53.445,0,0.263534,46.0,101.00941646051407
1776051101.6318681,1,0,0,2710.437888,192265.846784,190.491,29,1965,3996,0,0.0,0.0,0.716,0.614,0,0.19049100000000002,56.0,81.30295569229126
1776051101.675145,0,95,0,2848.84992,192265.846784,280.151,39,1965,3996,95,0.0,0.0,299.138,53.36,0,0.280151,46.0,124.92899768638611
1776051101.7171407,1,0,0,2710.437888,192265.846784,190.458,29,1965,3996,0,0.0,0.0,0.643,0.686,0,0.190458,56.0,97.54379513120651
1776051101.7602274,0,95,0,2848.84992,192265.846784,300.784,40,1965,3996,95,0.0,0.0,300.554,54.923,0,0.300784,45.0,150.5204616832733
1776051101.802231,1,0,0,2710.437888,192265.846784,190.489,29,1965,3996,0,0.0,0.0,0.634,0.664,0,0.190489,56.0,113.75258010601996
1776051101.8453608,0,95,0,2848.84992,192265.846784,319.45,40,1965,3996,95,0.0,0.0,300.551,55.088,0,0.31945,45.0,177.71629888296127
1776051101.8874862,1,0,0,2710.437888,192265.846784,190.476,29,1965,3996,0,0.0,0.0,0.697,0.671,0,0.190476,56.0,129.99163930058478
1776051101.9309635,0,95,0,2848.84992,192265.846784,338.234,40,1965,3996,95,0.0,0.0,300.03,53.325,0,0.338234,45.0,206.67006291532516
1776051101.973176,1,0,0,2710.437888,192265.846784,190.476,29,1965,3996,0,0.0,0.0,0.661,0.657,0,0.190476,56.0,146.3134864256382
1776051102.01685,0,95,0,2848.84992,192265.846784,356.92,40,1965,3996,95,0.0,0.0,300.561,53.396,0,0.35692,45.0,237.32466479444503
1776051102.0588045,1,0,0,2710.437888,192265.846784,190.554,29,1965,3996,0,0.0,0.0,0.638,2.133,0,0.190554,56.0,162.6303414289951
1776051102.1022308,0,95,0,2848.84992,192265.846784,356.92,40,1965,3996,95,0.0,0.0,301.147,53.476,0,0.35692,45.0,267.79877729558945
1776051102.1444974,1,0,0,2710.437888,192265.846784,190.582,29,1965,3996,0,0.0,0.0,0.635,2.403,0,0.190582,56.0,178.96186236882207
1776051102.1875515,0,95,0,2848.84992,192265.846784,375.712,40,1965,3996,95,0.0,0.0,300.177,53.428,0,0.375712,45.0,299.8547923178673
1776051102.2296307,1,0,0,2710.437888,192265.846784,190.6,29,1965,3996,0,0.0,0.0,0.671,0.677,0,0.1906,56.0,195.18827204251286
1776051102.2726226,0,95,0,2848.84992,192265.846784,389.181,40,1965,3996,95,0.0,0.0,300.443,53.334,0,0.389181,45.0,332.96284298229216
1776051102.3147576,1,0,0,2710.437888,192265.846784,190.623,29,1965,3996,0,0.0,0.0,0.648,0.667,0,0.190623,56.0,211.415412684679
1776051102.3580043,0,95,0,2848.84992,192265.846784,389.362,40,1965,3996,95,0.0,0.0,301.094,54.711,0,0.38936200000000004,45.0,366.2072504820824
1776051102.399969,1,0,0,2710.437888,192265.846784,190.627,29,1965,3996,0,0.0,0.0,0.623,0.635,0,0.19062700000000002,56.0,227.6590282359123
1776051102.4432123,0,95,0,2848.84992,192265.846784,389.535,40,1965,3996,95,0.0,0.0,300.155,54.777,0,0.389535,45.0,399.39872505807875
1776051102.485313,1,0,0,2710.437888,192265.846784,190.602,29,1965,3996,0,0.0,0.0,0.676,0.632,0,0.190602,56.0,243.92573439645764
1776051102.5282838,0,95,0,2848.84992,192265.846784,389.511,40,1965,3996,95,0.0,0.0,299.893,53.36,0,0.38951100000000005,45.0,432.53503491449356
1776051102.570274,1,0,0,2710.437888,192265.846784,190.602,29,1965,3996,0,0.0,0.0,0.724,0.619,0,0.190602,56.0,260.11950444889067
1776051102.613167,0,95,0,2848.84992,192265.846784,389.511,40,1965,3996,95,0.0,0.0,300.189,53.339,0,0.38951100000000005,45.0,465.59798011016846
1776051102.6552637,1,0,0,2710.437888,192265.846784,190.593,29,1965,3996,0,0.0,0.0,0.627,2.177,0,0.19059299999999998,56.0,276.31791731929775
1776051102.6986508,0,95,0,2848.84992,192265.846784,389.571,40,1965,3996,95,0.0,0.0,300.317,53.296,0,0.389571,45.0,498.8999854476452
1776051102.7406151,1,0,0,2710.437888,192265.846784,190.63,29,1965,3996,0,0.0,0.0,0.656,0.627,0,0.19063,56.0,292.58846749877927
1776051102.7846107,0,95,0,2848.84992,192265.846784,389.608,40,1965,3996,95,0.0,0.0,302.531,53.411,0,0.389608,45.0,532.3906545875072
1776051102.8267531,1,0,0,2710.437888,192265.846784,190.572,29,1965,3996,0,0.0,0.0,0.685,0.626,0,0.190572,56.0,309.00396034526824
1776051102.8701138,0,95,0,2848.84992,192265.846784,389.681,40,1965,3996,95,0.0,0.0,300.582,53.33,0,0.389681,45.0,565.7095886242389
1776051102.912224,1,0,0,2710.437888,192265.846784,190.588,29,1965,3996,0,0.0,0.0,0.728,0.652,0,0.190588,56.0,325.2936910629272
1776051102.9554653,0,95,0,2848.84992,192265.846784,389.632,40,1965,3996,95,0.0,0.0,303.969,54.725,0,0.389632,45.0,598.9652514660357
1776051102.997429,1,0,0,2710.437888,192265.846784,190.501,29,1965,3996,0,0.0,0.0,0.665,0.641,0,0.190501,56.0,341.5252982318401
1776051103.0405414,0,95,0,2848.84992,192265.846784,389.658,40,1965,3996,95,0.0,0.0,300.023,53.394,0,0.389658,45.0,632.1158319747447
1776051103.0825634,1,0,0,2710.437888,192265.846784,190.501,29,1965,3996,0,0.0,0.0,0.667,0.658,0,0.190501,56.0,357.74350680232044
1776051103.126211,0,95,0,2848.84992,192265.846784,389.67,40,1965,3996,95,0.0,0.0,300.905,53.36,0,0.38967,45.0,665.498672865629
1776051103.1684923,1,0,0,2710.437888,192265.846784,190.531,29,1965,3996,0,0.0,0.0,0.67,0.712,0,0.190531,56.0,374.11562927412984
1776051103.2119699,0,95,0,2848.84992,192265.846784,389.67,40,1965,3996,95,0.0,0.0,300.151,53.345,0,0.38967,45.0,698.9163529694079
1776051103.2539096,1,0,0,2710.437888,192265.846784,190.518,29,1965,3996,0,0.0,0.0,0.635,2.133,0,0.190518,56.0,390.38915684580803
1776051103.296958,0,95,0,2848.84992,192265.846784,389.67,40,1965,3996,95,0.0,0.0,300.295,53.301,0,0.38967,45.0,732.0336726057527
1776051103.3389158,1,0,0,2710.437888,192265.846784,190.472,29,1965,3996,0,0.0,0.0,0.661,0.636,0,0.190472,56.0,406.5804648253918
1776051103.3819993,0,95,0,2848.84992,192265.846784,389.631,40,1965,3996,95,0.0,0.0,300.953,53.571,0,0.38963099999999995,45.0,765.1683933506009
1776051103.4243338,1,0,0,2710.437888,192265.846784,190.418,29,1965,3996,0,0.0,0.0,0.91,0.675,0,0.190418,56.0,422.8455868675709
1776051103.4675307,0,95,0,2848.84992,192265.846784,389.559,40,1965,3996,95,0.0,0.0,300.431,53.278,0,0.38955900000000004,45.0,798.4879485032556
1776051103.5095835,1,0,0,2710.437888,192265.846784,190.368,29,1965,3996,0,0.0,0.0,0.638,0.677,0,0.19036799999999998,56.0,439.0743945991993
1776051103.5534518,0,95,0,2848.84992,192265.846784,389.507,40,1965,3996,95,0.0,0.0,300.267,55.028,0,0.389507,45.0,831.9547985820767
1776051103.5954847,1,0,0,2710.437888,192265.846784,190.399,29,1965,3996,0,0.0,0.0,0.633,0.642,0,0.190399,56.0,455.4299086735249
1776051103.6389184,0,95,0,2848.84992,192265.846784,389.539,40,1965,3996,95,0.0,0.0,300.173,53.385,0,0.38953899999999997,45.0,865.2473815581795
1776051103.6808538,1,0,0,2710.437888,192265.846784,190.399,29,1965,3996,0,0.0,0.0,0.668,0.637,0,0.190399,56.0,471.6841018688679
1776051103.72394,0,95,0,2848.84992,192265.846784,389.556,40,1965,3996,95,0.0,0.0,299.883,53.674,0,0.38955599999999996,45.0,898.3680153834816
1776051103.7658844,1,0,0,2710.437888,192265.846784,190.343,29,1965,3996,0,0.0,0.0,0.654,0.709,0,0.19034299999999998,56.0,487.86907293725017
1776051103.8087757,0,95,0,2848.84992,192265.846784,389.556,40,1965,3996,95,0.0,0.0,300.019,53.336,0,0.38955599999999996,45.0,931.4162977235313
1776051103.8510847,1,0,0,2710.437888,192265.846784,190.334,29,1965,3996,0,0.0,0.0,0.7,2.101,0,0.190334,56.0,504.08558869385723
1776051103.8948216,0,95,0,2848.84992,192265.846784,389.566,40,1965,3996,95,0.0,0.0,300.025,53.717,0,0.38956599999999997,45.0,964.9368861448761
1776051103.9368496,1,0,0,2710.437888,192265.846784,190.381,29,1965,3996,0,0.0,0.0,0.657,0.661,0,0.190381,56.0,520.4135932552815
1776051103.9804828,0,95,0,2848.84992,192265.846784,389.66,40,1965,3996,95,0.0,0.0,301.042,53.585,0,0.38966,45.0,998.3156187641616
1776051104.0224752,1,0,0,2710.437888,192265.846784,190.344,29,1965,3996,0,0.0,0.0,0.636,0.696,0,0.19034399999999999,56.0,536.7119216930867
1776051104.0656602,0,95,0,2848.84992,192265.846784,389.596,40,1965,3996,95,0.0,0.0,300.677,53.394,0,0.389596,45.0,1031.5004014980789
1776051104.107678,1,0,0,2710.437888,192265.846784,190.296,29,1965,3996,0,0.0,0.0,0.652,0.631,0,0.190296,56.0,552.9256535389424
1776051104.1506732,0,95,0,2848.84992,192265.846784,389.546,40,1965,3996,95,0.0,0.0,300.034,54.837,0,0.389546,45.0,1064.6168416082855
1776051104.1926386,1,0,0,2710.437888,192265.846784,190.296,29,1965,3996,0,0.0,0.0,0.672,0.625,0,0.190296,56.0,569.0933347313404
1776051104.235748,0,95,0,2848.84992,192265.846784,389.493,40,1965,3996,95,0.0,0.0,300.246,53.403,0,0.389493,45.0,1097.7529202497
1776051104.277762,1,0,0,2710.437888,192265.846784,190.249,29,1965,3996,0,0.0,0.0,0.672,0.64,0,0.190249,56.0,585.2879575381279
1776051104.3213716,0,95,0,2848.84992,192265.846784,389.498,40,1965,3996,95,0.0,0.0,302.676,53.505,0,0.389498,45.0,1131.103103316545
1776051104.3633788,1,0,0,2710.437888,192265.846784,190.279,29,1965,3996,0,0.0,0.0,0.638,2.142,0,0.190279,56.0,601.5790417649746
1776051104.4067788,0,95,0,2848.84992,192265.846784,389.498,40,1965,3996,95,0.0,0.0,300.309,53.325,0,0.389498,45.0,1164.3690591347213
1776051104.4488597,1,0,0,2710.437888,192265.846784,190.295,29,1965,3996,0,0.0,0.0,1.071,2.048,0,0.190295,56.0,617.8456350388527
1776051104.4919248,0,95,0,2848.84992,192265.846784,389.557,40,1965,3996,95,0.0,0.0,300.409,53.43,0,0.38955700000000004,45.0,1197.5382601025099
1776051104.5342202,1,0,0,2710.437888,192265.846784,190.312,29,1965,3996,0,0.0,0.0,0.642,0.634,0,0.190312,56.0,634.0907676606179
1776051104.5772655,0,95,0,2848.84992,192265.846784,389.608,40,1965,3996,95,0.0,0.0,299.41,53.561,0,0.389608,45.0,1230.7876944687362
1776051104.6193883,1,0,0,2710.437888,192265.846784,190.266,29,1965,3996,0,0.0,0.0,0.638,0.704,0,0.190266,56.0,650.2953657979965
1776051104.6630452,0,95,0,2848.84992,192265.846784,389.655,40,1965,3996,95,0.0,0.0,300.826,53.308,0,0.389655,45.0,1264.212170574903
1776051104.7126422,1,0,0,2710.437888,192265.846784,190.295,29,1965,3996,0,0.0,0.0,0.627,6.82,0,0.190295,56.0,668.0411073620319
1776051104.756556,0,95,0,2848.84992,192265.846784,389.583,40,1965,3996,95,0.0,0.0,299.909,54.951,0,0.389583,45.0,1300.642414348125
1776051104.7984765,1,0,0,2710.437888,192265.846784,190.302,29,1965,3996,0,0.0,0.0,0.633,0.641,0,0.190302,56.0,684.3755396134853
1776051104.8416011,0,95,0,2848.84992,192265.846784,389.56,40,1965,3996,95,0.0,0.0,300.046,55.214,0,0.38956,45.0,1333.7725832152362
1776051104.8836112,1,0,0,2710.437888,192265.846784,190.302,29,1965,3996,0,0.0,0.0,0.691,0.683,0,0.190302,56.0,700.5768517887592
1776051104.9264376,0,95,0,2848.84992,192265.846784,389.39,40,1965,3996,95,0.0,0.0,299.899,53.337,0,0.38939,45.0,1366.8070613312716
1776051104.9684408,1,0,0,2710.437888,192265.846784,190.276,29,1965,3996,0,0.0,0.0,0.646,0.746,0,0.190276,56.0,716.7178828337193
1776051105.0117316,0,95,0,2848.84992,192265.846784,389.39,40,1965,3996,95,0.0,0.0,300.835,53.348,0,0.38939,45.0,1400.0196952056879
1776051105.0548515,1,0,0,2710.437888,192265.846784,190.272,29,1965,3996,0,0.0,0.0,0.654,3.024,0,0.190272,56.0,733.1594311277867
1776051105.0985262,0,95,0,2848.84992,192265.846784,389.407,40,1965,3996,95,0.0,0.0,302.897,53.445,0,0.389407,45.0,1433.8181257679457
1776051105.1404977,1,0,0,2710.437888,192265.846784,190.292,29,1965,3996,0,0.0,0.0,0.662,0.63,0,0.190292,56.0,749.4572087786198
1776051105.1838768,0,95,0,2848.84992,192265.846784,389.422,40,1965,3996,95,0.0,0.0,300.921,53.571,0,0.38942200000000005,45.0,1467.0554934198851
1776051105.225988,1,0,0,2710.437888,192265.846784,190.321,29,1965,3996,0,0.0,0.0,0.643,0.641,0,0.190321,56.0,765.7277942230702
1776051105.2689228,0,95,0,2848.84992,192265.846784,389.473,40,1965,3996,95,0.0,0.0,300.313,53.332,0,0.389473,45.0,1500.178634793758
1776051105.3109229,1,0,0,2710.437888,192265.846784,190.356,29,1965,3996,0,0.0,0.0,0.637,0.635,0,0.190356,56.0,781.8956715414524
1776051105.3539023,0,95,0,2848.84992,192265.846784,389.446,40,1965,3996,95,0.0,0.0,300.029,54.854,0,0.389446,45.0,1533.2735744500155
1776051105.3966389,1,0,0,2710.437888,192265.846784,190.356,29,1965,3996,0,0.0,0.0,0.587,0.699,0,0.190356,56.0,798.212228177309
1776051105.4402566,0,95,0,2848.84992,192265.846784,389.41,40,1965,3996,95,0.0,0.0,301.07,53.442,0,0.38941000000000003,45.0,1566.9007851529116
1776051105.4823039,1,0,0,2710.437888,192265.846784,190.356,29,1965,3996,0,0.0,0.0,0.668,0.639,0,0.190356,56.0,814.5190725500584
1776051105.5258083,0,95,0,2848.84992,192265.846784,389.382,40,1965,3996,95,0.0,0.0,299.889,53.269,0,0.389382,45.0,1600.2130922865863
1776051105.567863,1,0,0,2710.437888,192265.846784,190.324,29,1965,3996,0,0.0,0.0,0.698,0.75,0,0.19032400000000002,56.0,830.8030283539296
1776051105.6109447,0,95,0,2848.84992,192265.846784,389.382,40,1965,3996,95,0.0,0.0,300.157,53.315,0,0.389382,45.0,1633.3636792769428
1776051105.6528878,1,0,0,2710.437888,192265.846784,190.337,29,1965,3996,0,0.0,0.0,0.672,2.061,0,0.19033699999999998,56.0,846.9864001219273
1776051105.6958025,0,95,0,2848.84992,192265.846784,389.311,40,1965,3996,95,0.0,0.0,300.024,53.438,0,0.38931099999999996,45.0,1666.399716199636
1776051105.737827,1,0,0,2710.437888,192265.846784,190.342,29,1965,3996,0,0.0,0.0,0.724,0.641,0,0.190342,56.0,863.1539052102567
1776051105.7823317,0,95,0,2848.84992,192265.846784,389.334,40,1965,3996,95,0.0,0.0,300.21,53.598,0,0.389334,45.0,1700.0884971320625
1776051105.824725,1,0,0,2710.437888,192265.846784,190.347,29,1965,3996,0,0.0,0.0,0.681,0.741,0,0.19034700000000002,56.0,879.6946502711774
1776051105.8684175,0,95,0,2848.84992,192265.846784,389.323,40,1965,3996,95,0.0,0.0,302.664,53.314,0,0.389323,45.0,1733.6036776268477
1776051105.9104252,1,0,0,2710.437888,192265.846784,190.335,29,1965,3996,0,0.0,0.0,0.64,0.629,0,0.190335,56.0,896.0064118304253
1776051105.9536543,0,95,0,2848.84992,192265.846784,389.437,40,1965,3996,95,0.0,0.0,300.065,54.833,0,0.38943700000000003,45.0,1766.7980365557664
1776051105.9968014,1,0,0,2710.437888,192265.846784,190.335,29,1965,3996,0,0.0,0.0,0.642,0.67,0,0.190335,56.0,912.4468239893914
1776051106.039866,0,95,0,2848.84992,192265.846784,389.479,40,1965,3996,95,0.0,0.0,301.324,53.464,0,0.38947899999999996,45.0,1800.375676002502
1776051106.0817916,1,0,0,2710.437888,192265.846784,190.34,29,1965,3996,0,0.0,0.0,0.673,0.639,0,0.19034,56.0,928.623870646
1776051106.1248765,0,95,0,2848.84992,192265.846784,389.448,40,1965,3996,95,0.0,0.0,300.883,53.419,0,0.38944799999999996,45.0,1833.482856330871
1776051106.166998,1,0,0,2710.437888,192265.846784,190.297,29,1965,3996,0,0.0,0.0,0.712,0.75,0,0.190297,56.0,944.8383682496549
1776051106.2113147,0,95,0,2848.84992,192265.846784,389.448,40,1965,3996,95,0.0,0.0,301.083,53.526,0,0.38944799999999996,45.0,1867.1460322723383
1776051106.2532692,1,0,0,2710.437888,192265.846784,190.275,29,1965,3996,0,0.0,0.0,0.667,2.055,0,0.190275,56.0,961.2536371953488
1776051106.2968888,0,95,0,2848.84992,192265.846784,389.451,40,1965,3996,95,0.0,0.0,299.999,53.571,0,0.38945100000000005,45.0,1900.4729705972666
1776051106.3390212,1,0,0,2710.437888,192265.846784,190.241,29,1965,3996,0,0.0,0.0,0.663,0.676,0,0.19024100000000002,56.0,977.5671853954792
1776051106.3824782,0,95,0,2848.84992,192265.846784,389.535,40,1965,3996,95,0.0,0.0,300.287,53.382,0,0.389535,45.0,1933.8130409831995
1776051106.424625,1,0,0,2710.437888,192265.846784,190.228,29,1965,3996,0,0.0,0.0,0.642,0.733,0,0.190228,56.0,993.8514087002277
1776051106.467791,0,95,0,2848.84992,192265.846784,389.598,40,1965,3996,95,0.0,0.0,301.283,53.301,0,0.389598,45.0,1967.0507541160578
1776051106.5097897,1,0,0,2710.437888,192265.846784,190.215,29,1965,3996,0,0.0,0.0,0.685,0.629,0,0.190215,56.0,1010.0510283522606
1776051106.5529406,0,95,0,2848.84992,192265.846784,389.632,40,1965,3996,95,0.0,0.0,300.116,54.992,0,0.389632,45.0,2000.2277344627375
1776051106.594888,1,0,0,2710.437888,192265.846784,190.215,29,1965,3996,0,0.0,0.0,0.645,0.618,0,0.190215,56.0,1026.237995133877
1776051106.6384835,0,95,0,2848.84992,192265.846784,389.619,40,1965,3996,95,0.0,0.0,300.002,53.424,0,0.38961900000000005,45.0,2033.5568803393835
1776051106.6804316,1,0,0,2710.437888,192265.846784,190.215,29,1965,3996,0,0.0,0.0,0.691,0.639,0,0.190215,56.0,1042.5096771912577
1776051106.7235029,0,95,0,2848.84992,192265.846784,389.628,40,1965,3996,95,0.0,0.0,300.019,53.289,0,0.389628,45.0,2066.6827996613974
1776051106.7655838,1,0,0,2710.437888,192265.846784,190.275,29,1965,3996,0,0.0,0.0,0.642,2.174,0,0.190275,56.0,1058.7120023803714
1776051106.8084805,0,95,0,2848.84992,192265.846784,389.628,40,1965,3996,95,0.0,0.0,300.313,53.342,0,0.389628,45.0,2099.7924624364373
1776051106.8504715,1,0,0,2710.437888,192265.846784,190.24,29,1965,3996,0,0.0,0.0,0.665,2.053,0,0.19024000000000002,56.0,1074.8610466079715
1776051106.8934448,0,95,0,2848.84992,192265.846784,389.671,40,1965,3996,95,0.0,0.0,300.261,53.426,0,0.389671,45.0,2132.900576580286
1776051106.9353633,1,0,0,2710.437888,192265.846784,190.284,29,1965,3996,0,0.0,0.0,0.638,0.613,0,0.19028399999999998,56.0,1091.0145971393588
1776051106.9797204,0,95,0,2848.84992,192265.846784,389.658,40,1965,3996,95,0.0,0.0,299.942,53.57,0,0.389658,45.0,2166.51854557538
1776051107.0216877,1,0,0,2710.437888,192265.846784,190.283,29,1965,3996,0,0.0,0.0,0.633,0.657,0,0.19028299999999998,56.0,1107.4406730968956
1776051107.0651553,0,95,0,2848.84992,192265.846784,389.66,40,1965,3996,95,0.0,0.0,300.457,53.311,0,0.38966,45.0,2199.809114022493
1776051107.1070933,1,0,0,2710.437888,192265.846784,190.305,29,1965,3996,0,0.0,0.0,0.64,0.626,0,0.190305,56.0,1123.693783549786
1776051107.1501179,0,95,0,2848.84992,192265.846784,389.682,40,1965,3996,95,0.0,0.0,300.042,54.802,0,0.38968200000000003,45.0,2232.917512421369
1776051107.1921608,1,0,0,2710.437888,192265.846784,190.305,29,1965,3996,0,0.0,0.0,0.672,0.653,0,0.190305,56.0,1139.8825561554436
1776051107.2350914,0,95,0,2848.84992,192265.846784,389.665,40,1965,3996,95,0.0,0.0,299.895,53.313,0,0.38966500000000004,45.0,2266.0287400112147
1776051107.2784007,1,0,0,2710.437888,192265.846784,190.335,29,1965,3996,0,0.0,0.0,0.715,0.636,0,0.190335,56.0,1156.2970112974647
1776051107.32151,0,95,0,2848.84992,192265.846784,389.609,40,1965,3996,95,0.0,0.0,300.887,53.511,0,0.389609,45.0,2299.6982155175206
1776051107.3635406,1,0,0,2710.437888,192265.846784,190.346,29,1965,3996,0,0.0,0.0,0.64,2.173,0,0.19034600000000002,56.0,1172.5030678060057
1776051107.4070432,0,95,0,2848.84992,192265.846784,389.609,40,1965,3996,95,0.0,0.0,300.306,53.787,0,0.389609,45.0,2333.0226974740026
1776051107.4490674,1,0,0,2710.437888,192265.846784,190.382,29,1965,3996,0,0.0,0.0,0.709,2.056,0,0.190382,56.0,1188.7858129169942
1776051107.4921062,0,95,0,2848.84992,192265.846784,389.578,40,1965,3996,95,0.0,0.0,301.055,53.4,0,0.389578,45.0,2366.161363350391
1776051107.5340261,1,0,0,2710.437888,192265.846784,190.383,29,1965,3996,0,0.0,0.0,0.645,0.648,0,0.190383,56.0,1204.9605225634577
1776051107.5768888,0,95,0,2848.84992,192265.846784,389.529,40,1965,3996,95,0.0,0.0,300.394,53.319,0,0.389529,45.0,2399.186644902706
1776051107.6189384,1,0,0,2710.437888,192265.846784,190.381,29,1965,3996,0,0.0,0.0,0.65,0.69,0,0.190381,56.0,1221.1262111706735
1776051107.662064,0,95,0,2848.84992,192265.846784,389.558,40,1965,3996,95,0.0,0.0,301.561,54.921,0,0.389558,45.0,2432.3673549938203
1776051107.7124176,1,0,0,2710.437888,192265.846784,190.354,29,1965,3996,0,0.0,0.0,0.695,7.536,0,0.19035400000000002,56.0,1238.920342525959
1776051107.7559762,0,95,0,2848.84992,192265.846784,389.54,40,1965,3996,95,0.0,0.0,299.168,55.032,0,0.38954,45.0,2468.9498840236665
1776051107.7982821,1,0,0,2710.437888,192265.846784,190.354,29,1965,3996,0,0.0,0.0,0.636,0.641,0,0.19035400000000002,56.0,1255.2650019183159
1776051107.8419685,0,95,0,2848.84992,192265.846784,389.514,40,1965,3996,95,0.0,0.0,301.089,53.44,0,0.389514,45.0,2502.4451028947833
1776051107.8840604,1,0,0,2710.437888,192265.846784,190.419,29,1965,3996,0,0.0,0.0,0.69,0.674,0,0.190419,56.0,1271.5988079133033
1776051107.927055,0,95,0,2848.84992,192265.846784,389.482,40,1965,3996,95,0.0,0.0,299.892,53.342,0,0.38948200000000005,45.0,2535.5847029800416
1776051107.9691525,1,0,0,2710.437888,192265.846784,190.414,29,1965,3996,0,0.0,0.0,0.656,0.792,0,0.190414,56.0,1287.801528895855
1776051108.012101,0,95,0,2848.84992,192265.846784,389.482,40,1965,3996,95,0.0,0.0,300.393,53.343,0,0.38948200000000005,45.0,2568.708609768391
1776051108.054041,1,0,0,2710.437888,192265.846784,190.376,29,1965,3996,0,0.0,0.0,0.665,2.062,0,0.19037600000000002,56.0,1303.9622540240289
1776051108.097091,0,95,0,2848.84992,192265.846784,389.511,40,1965,3996,95,0.0,0.0,300.918,53.441,0,0.38951100000000005,45.0,2601.8131592273717
1776051108.1390684,1,0,0,2710.437888,192265.846784,190.439,29,1965,3996,0,0.0,0.0,0.656,0.623,0,0.190439,56.0,1320.1547977712155
1776051108.1827185,0,95,0,2848.84992,192265.846784,389.492,40,1965,3996,95,0.0,0.0,301.068,53.438,0,0.389492,45.0,2635.164407209397
1776051108.2247622,1,0,0,2710.437888,192265.846784,190.445,29,1965,3996,0,0.0,0.0,0.642,0.65,0,0.190445,56.0,1336.47476040864
1776051108.267802,0,95,0,2848.84992,192265.846784,389.514,40,1965,3996,95,0.0,0.0,300.422,53.322,0,0.389514,45.0,2668.305615649224
1776051108.3097854,1,0,0,2710.437888,192265.846784,190.459,29,1965,3996,0,0.0,0.0,0.648,0.628,0,0.190459,56.0,1352.6681873435973
1776051108.352706,0,95,0,2848.84992,192265.846784,389.527,40,1965,3996,95,0.0,0.0,299.923,54.831,0,0.389527,45.0,2701.3779987075336
1776051108.3946376,1,0,0,2710.437888,192265.846784,190.459,29,1965,3996,0,0.0,0.0,0.665,0.622,0,0.190459,56.0,1368.8290560512542
1776051108.43771,0,95,0,2848.84992,192265.846784,389.59,40,1965,3996,95,0.0,0.0,300.919,53.314,0,0.38959,45.0,2734.4947426226145
1776051108.479653,1,0,0,2710.437888,192265.846784,190.477,29,1965,3996,0,0.0,0.0,0.684,0.635,0,0.190477,56.0,1385.0225147657393
1776051108.5227294,0,95,0,2848.84992,192265.846784,389.687,40,1965,3996,95,0.0,0.0,298.919,53.513,0,0.389687,45.0,2767.6256780862814
1776051108.5649488,1,0,0,2710.437888,192265.846784,190.485,29,1965,3996,0,0.0,0.0,0.671,2.178,0,0.19048500000000002,56.0,1401.2701072494983
1776051108.6080332,0,95,0,2848.84992,192265.846784,389.687,40,1965,3996,95,0.0,0.0,300.3,53.335,0,0.389687,45.0,2800.8674535346036
1776051108.6501377,1,0,0,2710.437888,192265.846784,190.447,29,1965,3996,0,0.0,0.0,0.666,2.095,0,0.190447,56.0,1417.494071148157
1776051108.6930716,0,95,0,2848.84992,192265.846784,389.711,40,1965,3996,95,0.0,0.0,300.017,53.389,0,0.38971100000000003,45.0,2834.007862610102
1776051108.73507,1,0,0,2710.437888,192265.846784,190.443,29,1965,3996,0,0.0,0.0,0.684,0.653,0,0.190443,56.0,1433.6688383505343
1776051108.7780452,0,95,0,2848.84992,192265.846784,389.75,40,1965,3996,95,0.0,0.0,300.416,53.48,0,0.38975,45.0,2867.126312953711
1776051108.8200018,1,0,0,2710.437888,192265.846784,190.468,29,1965,3996,0,0.0,0.0,0.633,0.649,0,0.190468,56.0,1449.8456380388736
1776051108.8635237,0,95,0,2848.84992,192265.846784,389.746,40,1965,3996,95,0.0,0.0,301.544,53.498,0,0.389746,45.0,2900.441233655215
1776051108.9055598,1,0,0,2710.437888,192265.846784,190.489,29,1965,3996,0,0.0,0.0,0.692,0.622,0,0.190489,56.0,1466.143484018564
1776051108.9493673,0,95,0,2848.84992,192265.846784,389.762,40,1965,3996,95,0.0,0.0,302.71,54.826,0,0.389762,45.0,2933.8997924883374
1776051108.9914,1,0,0,2710.437888,192265.846784,190.489,29,1965,3996,0,0.0,0.0,0.711,0.611,0,0.190489,56.0,1482.4951026804447
1776051109.0347154,0,95,0,2848.84992,192265.846784,389.663,40,1965,3996,95,0.0,0.0,300.055,53.341,0,0.38966300000000004,45.0,2967.156800585032
1776051109.0765722,1,0,0,2710.437888,192265.846784,190.484,29,1965,3996,0,0.0,0.0,0.647,0.689,0,0.19048400000000001,56.0,1498.7190395224095
1776051109.1198514,0,95,0,2848.84992,192265.846784,389.663,40,1965,3996,95,0.0,0.0,300.291,53.485,0,0.38966300000000004,45.0,3000.3311251018054
1776051109.1617959,1,0,0,2710.437888,192265.846784,190.479,29,1965,3996,0,0.0,0.0,0.629,2.141,0,0.190479,56.0,1514.9523598697185
1776051109.2049263,0,95,0,2848.84992,192265.846784,389.71,40,1965,3996,95,0.0,0.0,300.386,53.232,0,0.38971,45.0,3033.485664996863
1776051109.2469177,1,0,0,2710.437888,192265.846784,190.477,29,1965,3996,0,0.0,0.0,0.654,2.047,0,0.190477,56.0,1531.1661183094977
1776051109.2900023,0,95,0,2848.84992,192265.846784,389.744,40,1965,3996,95,0.0,0.0,297.54,53.45,0,0.38974400000000003,45.0,3066.6435620496277
1776051109.332073,1,0,0,2710.437888,192265.846784,190.472,29,1965,3996,0,0.0,0.0,0.678,0.653,0,0.190472,56.0,1547.3858088288307
1776051109.3752775,0,95,0,2848.84992,192265.846784,389.714,40,1965,3996,95,0.0,0.0,300.47,53.31,0,0.389714,45.0,3099.8764908931257
1776051109.4173126,1,0,0,2710.437888,192265.846784,190.434,29,1965,3996,0,0.0,0.0,0.63,0.649,0,0.190434,56.0,1563.6183361120225
1776051109.4606607,0,95,0,2848.84992,192265.846784,389.678,40,1965,3996,95,0.0,0.0,304.445,54.958,0,0.389678,45.0,3133.1484364635944
1776051109.502619,1,0,0,2710.437888,192265.846784,190.414,29,1965,3996,0,0.0,0.0,0.642,0.685,0,0.190414,56.0,1579.8618701081277
1776051109.5455074,0,95,0,2848.84992,192265.846784,389.619,40,1965,3996,95,0.0,0.0,300.04,54.78,0,0.38961900000000005,45.0,3166.206336507797
1776051109.5875003,1,0,0,2710.437888,192265.846784,190.414,29,1965,3996,0,0.0,0.0,0.675,0.646,0,0.190414,56.0,1596.0244590506554
1776051109.6304612,0,95,0,2848.84992,192265.846784,389.648,40,1965,3996,95,0.0,0.0,300.035,53.51,0,0.38964800000000005,45.0,3199.3084089031217
1776051109.6726813,1,0,0,2710.437888,192265.846784,190.464,29,1965,3996,0,0.0,0.0,0.686,0.756,0,0.190464,56.0,1612.2483726248743
1776051109.7159588,0,95,0,2848.84992,192265.846784,389.648,40,1965,3996,95,0.0,0.0,301.211,53.55,0,0.38964800000000005,45.0,3232.622384653091
1776051109.7580218,1,0,0,2710.437888,192265.846784,190.455,29,1965,3996,0,0.0,0.0,0.658,2.332,0,0.190455,56.0,1628.5018975291255
1776051109.801679,0,95,0,2848.84992,192265.846784,389.64,40,1965,3996,95,0.0,0.0,308.353,53.457,0,0.38964,45.0,3266.0223497104644
1776051109.8437743,1,0,0,2710.437888,192265.846784,190.477,29,1965,3996,0,0.0,0.0,0.706,0.71,0,0.190477,56.0,1644.8357740302088
1776051109.8867662,0,95,0,2848.84992,192265.846784,389.637,40,1965,3996,95,0.0,0.0,300.03,53.455,0,0.389637,45.0,3299.1755097661016
1776051109.9288712,1,0,0,2710.437888,192265.846784,190.434,29,1965,3996,0,0.0,0.0,0.685,0.694,0,0.190434,56.0,1661.0411049141885
1776051109.9718282,0,95,0,2848.84992,192265.846784,389.586,40,1965,3996,95,0.0,0.0,300.294,53.307,0,0.389586,45.0,3332.314484608173
1776051110.0139036,1,0,0,2710.437888,192265.846784,190.44,29,1965,3996,0,0.0,0.0,0.623,0.675,0,0.19044,56.0,1677.2346871819498
1776051110.0575795,0,95,0,2848.84992,192265.846784,389.608,40,1965,3996,95,0.0,0.0,300.073,54.812,0,0.389608,45.0,3365.7238751854893
1776051110.0995755,1,0,0,2710.437888,192265.846784,190.44,29,1965,3996,0,0.0,0.0,0.59,0.639,0,0.19044,56.0,1693.5500441422464
1776051110.143069,0,95,0,2848.84992,192265.846784,389.533,40,1965,3996,95,0.0,0.0,300.018,55.003,0,0.389533,45.0,3399.024861064672
1776051110.1850848,1,0,0,2710.437888,192265.846784,190.404,29,1965,3996,0,0.0,0.0,0.674,0.614,0,0.190404,56.0,1709.8313569436075
1776051110.2280982,0,95,0,2848.84992,192265.846784,389.57,40,1965,3996,95,0.0,0.0,299.888,53.337,0,0.38956999999999997,45.0,3432.1496573741433
1776051110.2700922,1,0,0,2710.437888,192265.846784,190.409,29,1965,3996,0,0.0,0.0,0.694,0.712,0,0.190409,56.0,1726.0175365154744
1776051110.3129845,0,95,0,2848.84992,192265.846784,389.57,40,1965,3996,95,0.0,0.0,300.283,53.301,0,0.38956999999999997,45.0,3465.218818128824
1776051110.3549204,1,0,0,2710.437888,192265.846784,190.41,29,1965,3996,0,0.0,0.0,0.666,2.058,0,0.19041,56.0,1742.169662338972
1776051110.3983564,0,95,0,2848.84992,192265.846784,389.578,40,1965,3996,95,0.0,0.0,300.366,53.614,0,0.389578,45.0,3498.4778598978514
1776051110.440511,1,0,0,2710.437888,192265.846784,190.423,29,1965,3996,0,0.0,0.0,0.668,0.667,0,0.190423,56.0,1758.4680813469886
1776051110.4848619,0,95,0,2848.84992,192265.846784,389.536,40,1965,3996,95,0.0,0.0,302.361,53.878,0,0.389536,45.0,3532.1748324778073
1776051110.5269647,1,0,0,2710.437888,192265.846784,190.396,29,1965,3996,0,0.0,0.0,0.638,0.687,0,0.19039599999999998,56.0,1774.9285154852867
1776051110.5703626,0,95,0,2848.84992,192265.846784,389.492,40,1965,3996,95,0.0,0.0,300.448,53.364,0,0.389492,45.0,3565.476677807092
1776051110.6124234,1,0,0,2710.437888,192265.846784,190.845,29,1965,3996,0,0.0,0.0,0.649,0.728,0,0.190845,56.0,1791.2378916773796
1776051110.6555161,0,95,0,2848.84992,192265.846784,390.416,40,1965,3996,95,0.0,0.0,299.924,54.838,0,0.390416,45.0,3598.7219977838986
1776051110.6975331,1,0,0,2710.437888,192265.846784,190.845,29,1965,3996,0,0.0,0.0,0.664,0.729,0,0.190845,56.0,1807.4806544146538
1776051110.7407134,0,95,0,2848.84992,192265.846784,391.881,40,1965,3996,95,0.0,0.0,299.901,53.422,0,0.391881,45.0,3632.1091657581323
1776051110.782833,1,0,0,2710.437888,192265.846784,192.966,29,1965,3996,0,0.0,0.0,0.691,0.652,0,0.192966,56.0,1823.9406481785775
1776051110.8262994,0,95,0,2848.84992,192265.846784,391.929,40,1965,3996,95,0.0,0.0,300.043,53.337,0,0.39192899999999997,45.0,3665.652828984737
1776051110.8685067,1,0,0,2710.437888,192265.846784,192.905,29,1965,3996,0,0.0,0.0,0.653,0.767,0,0.192905,56.0,1840.4675083215236
1776051110.9119077,0,95,0,2848.84992,192265.846784,391.929,40,1965,3996,95,0.0,0.0,300.818,53.305,0,0.39192899999999997,45.0,3699.2051824247833
1776051110.953847,1,0,0,2710.437888,192265.846784,192.947,29,1965,3996,0,0.0,0.0,0.661,2.06,0,0.192947,56.0,1856.933655749321
1776051110.996944,0,95,0,2848.84992,192265.846784,391.941,40,1965,3996,95,0.0,0.0,300.249,53.44,0,0.391941,45.0,3732.534386170625
1776051111.0391135,1,0,0,2710.437888,192265.846784,193.025,29,1965,3996,0,0.0,0.0,0.895,0.635,0,0.193025,56.0,1873.3922393069267
1776051111.0822542,0,95,0,2848.84992,192265.846784,391.892,40,1965,3996,95,0.0,0.0,299.256,53.625,0,0.391892,45.0,3765.966779188394
1776051111.124361,1,0,0,2710.437888,192265.846784,192.956,29,1965,3996,0,0.0,0.0,0.645,0.657,0,0.192956,56.0,1889.8412591261863
1776051111.1674404,0,95,0,2848.84992,192265.846784,391.911,40,1965,3996,95,0.0,0.0,300.492,53.33,0,0.391911,45.0,3799.352204891204
1776051111.209573,1,0,0,2710.437888,192265.846784,192.96,29,1965,3996,0,0.0,0.0,0.713,0.623,0,0.19296000000000002,56.0,1906.283765153408
1776051111.2533927,0,95,0,2848.84992,192265.846784,391.911,40,1965,3996,95,0.0,0.0,302.873,54.833,0,0.391911,45.0,3833.037849663257
1776051111.2953246,1,0,0,2710.437888,192265.846784,192.96,29,1965,3996,0,0.0,0.0,0.664,0.636,0,0.19296000000000002,56.0,1922.8303810591697
1776051111.3386488,0,95,0,2848.84992,192265.846784,391.948,40,1965,3996,95,0.0,0.0,300.778,53.29,0,0.39194799999999996,45.0,3866.453807428836
1776051111.380575,1,0,0,2710.437888,192265.846784,193.014,29,1965,3996,0,0.0,0.0,0.661,0.615,0,0.19301400000000002,56.0,1939.2848974518774
1776051111.423598,0,95,0,2848.84992,192265.846784,391.895,40,1965,3996,95,0.0,0.0,300.035,53.333,0,0.391895,45.0,3899.7449957129948
1776051111.4656396,1,0,0,2710.437888,192265.846784,192.965,29,1965,3996,0,0.0,0.0,0.693,2.128,0,0.192965,56.0,1955.6993975584505
1776051111.5085998,0,95,0,2848.84992,192265.846784,391.895,40,1965,3996,95,0.0,0.0,300.28,53.294,0,0.391895,45.0,3933.056739707946
1776051111.5505762,1,0,0,2710.437888,192265.846784,193.07,29,1965,3996,0,0.0,0.0,0.657,2.055,0,0.19307,56.0,1972.0981105511187
1776051111.5939827,0,95,0,2848.84992,192265.846784,391.941,40,1965,3996,95,0.0,0.0,300.019,53.441,0,0.391941,45.0,3966.521813961505
1776051111.6360817,1,0,0,2710.437888,192265.846784,192.615,29,1965,3996,0,0.0,0.0,0.633,0.689,0,0.192615,56.0,1988.5677496473788
1776051111.6795084,0,95,0,2848.84992,192265.846784,391.036,40,1965,3996,95,0.0,0.0,301.267,53.484,0,0.391036,45.0,3999.9654615740765
1776051111.7214527,1,0,0,2710.437888,192265.846784,190.525,29,1965,3996,0,0.0,0.0,0.636,0.675,0,0.190525,56.0,2004.8330627481937
1776051111.7646244,0,95,0,2848.84992,192265.846784,389.523,40,1965,3996,95,0.0,0.0,300.549,53.504,0,0.389523,45.0,4033.1200660200107
1776051111.8065867,1,0,0,2710.437888,192265.846784,190.507,29,1965,3996,0,0.0,0.0,0.64,0.635,0,0.190507,56.0,2021.0516912848948
1776051111.8494484,0,95,0,2848.84992,192265.846784,389.473,40,1965,3996,95,0.0,0.0,300.156,54.814,0,0.389473,45.0,4066.1567569689737
1776051111.891444,1,0,0,2710.437888,192265.846784,190.507,29,1965,3996,0,0.0,0.0,0.671,0.635,0,0.190507,56.0,2037.217586727619
1776051111.9345083,0,95,0,2848.84992,192265.846784,389.467,40,1965,3996,95,0.0,0.0,300.116,53.523,0,0.389467,45.0,4099.284773724316
1776051111.9765987,1,0,0,2710.437888,192265.846784,190.447,29,1965,3996,0,0.0,0.0,0.65,0.747,0,0.190447,56.0,2053.4350575535295
1776051112.020841,0,95,0,2848.84992,192265.846784,389.467,40,1965,3996,95,0.0,0.0,297.934,53.332,0,0.389467,45.0,4132.90845670843
1776051112.0628526,1,0,0,2710.437888,192265.846784,190.468,29,1965,3996,0,0.0,0.0,0.64,2.189,0,0.190468,56.0,2069.8636618463993
1776051112.1061954,0,95,0,2848.84992,192265.846784,389.511,40,1965,3996,95,0.0,0.0,300.298,53.274,0,0.38951100000000005,45.0,4166.154999289273
1776051112.1482313,1,0,0,2710.437888,192265.846784,190.446,29,1965,3996,0,0.0,0.0,0.663,2.105,0,0.190446,56.0,2086.123683624506
1776051112.1913087,0,95,0,2848.84992,192265.846784,389.528,40,1965,3996,95,0.0,0.0,300.783,53.461,0,0.38952800000000004,45.0,4199.309007736921
1776051112.23327,1,0,0,2710.437888,192265.846784,190.43,29,1965,3996,0,0.0,0.0,0.656,0.652,0,0.19043000000000002,56.0,2102.3175960209373
1776051112.276319,0,95,0,2848.84992,192265.846784,389.509,40,1965,3996,95,0.0,0.0,300.564,53.339,0,0.389509,45.0,4232.4212808413495
1776051112.318365,1,0,0,2710.437888,192265.846784,190.433,29,1965,3996,0,0.0,0.0,0.683,0.641,0,0.190433,56.0,2118.522523988724
1776051112.3616195,0,95,0,2848.84992,192265.846784,389.502,40,1965,3996,95,0.0,0.0,300.03,54.891,0,0.389502,45.0,4265.645974986552
1776051112.4037046,1,0,0,2710.437888,192265.846784,190.408,29,1965,3996,0,0.0,0.0,0.641,0.671,0,0.190408,56.0,2134.7718563022618
1776051112.4468217,0,95,0,2848.84992,192265.846784,389.499,40,1965,3996,95,0.0,0.0,300.008,54.803,0,0.38949900000000004,45.0,4298.832153345584
1776051112.488839,1,0,0,2710.437888,192265.846784,190.408,29,1965,3996,0,0.0,0.0,0.708,0.647,0,0.190408,56.0,2150.9821019668584
1776051112.5317395,0,95,0,2848.84992,192265.846784,389.494,40,1965,3996,95,0.0,0.0,299.999,53.339,0,0.389494,45.0,4331.907120604514
1776051112.5736744,1,0,0,2710.437888,192265.846784,190.438,29,1965,3996,0,0.0,0.0,0.65,0.715,0,0.190438,56.0,2167.1380105009084
1776051112.616612,0,95,0,2848.84992,192265.846784,389.494,40,1965,3996,95,0.0,0.0,300.305,53.285,0,0.389494,45.0,4364.964443968294
1776051112.6586225,1,0,0,2710.437888,192265.846784,190.43,29,1965,3996,0,0.0,0.0,0.665,2.044,0,0.19043000000000002,56.0,2183.3146701183323
1776051112.7038429,0,95,0,2848.84992,192265.846784,389.496,40,1965,3996,95,0.0,0.0,300.272,53.437,0,0.38949599999999995,45.0,4398.940538692949
1776051112.753937,1,0,0,2710.437888,192265.846784,190.392,29,1965,3996,0,0.0,0.0,0.668,2.049,0,0.190392,56.0,2201.461788919449
1776051112.7974572,0,95,0,2848.84992,192265.846784,389.494,40,1965,3996,95,0.0,0.0,300.258,53.4,0,0.389494,45.0,4435.402762370108
1776051112.8393078,1,0,0,2710.437888,192265.846784,190.41,29,1965,3996,0,0.0,0.0,0.656,0.64,0,0.19041,56.0,2217.717238955975
1776051112.8833654,0,95,0,2848.84992,192265.846784,389.504,40,1965,3996,95,0.0,0.0,300.531,57.154,0,0.389504,45.0,4468.864339976309
1776051112.9254415,1,0,0,2710.437888,192265.846784,190.421,29,1965,3996,0,0.0,0.0,0.699,0.652,0,0.19042099999999998,56.0,2234.1189077646736
1776051112.9682992,0,95,0,2848.84992,192265.846784,389.555,40,1965,3996,95,0.0,0.0,300.403,53.258,0,0.389555,45.0,4501.950709989069
1776051113.0103917,1,0,0,2710.437888,192265.846784,190.421,29,1965,3996,0,0.0,0.0,0.629,0.67,0,0.19042099999999998,56.0,2250.2952114486698
1776051113.0533187,0,95,0,2848.84992,192265.846784,389.521,40,1965,3996,95,0.0,0.0,300.068,54.828,0,0.389521,45.0,4535.06762510967
1776051113.0952501,1,0,0,2710.437888,192265.846784,190.421,29,1965,3996,0,0.0,0.0,0.665,0.62,0,0.19042099999999998,56.0,2266.4540361695294
1776051113.1388986,0,95,0,2848.84992,192265.846784,389.483,40,1965,3996,95,0.0,0.0,301.599,53.3,0,0.389483,45.0,4568.399530447004
1776051113.181419,1,0,0,2710.437888,192265.846784,190.418,29,1965,3996,0,0.0,0.0,1.162,0.624,0,0.190418,56.0,2282.862120257855
1776051113.225034,0,95,0,2848.84992,192265.846784,389.483,40,1965,3996,95,0.0,0.0,299.184,53.274,0,0.389483,45.0,4601.947799545762
1776051113.2670584,1,0,0,2710.437888,192265.846784,190.448,29,1965,3996,0,0.0,0.0,0.693,0.714,0,0.190448,56.0,2299.1719873309144
1776051113.3100176,0,95,0,2848.84992,192265.846784,389.482,40,1965,3996,95,0.0,0.0,300.322,53.305,0,0.38948200000000005,45.0,4635.047377080914
1776051113.3520482,1,0,0,2710.437888,192265.846784,190.47,29,1965,3996,0,0.0,0.0,0.662,2.097,0,0.19047,56.0,2315.3599918985374
1776051113.394991,0,95,0,2848.84992,192265.846784,389.487,40,1965,3996,95,0.0,0.0,300.112,53.464,0,0.389487,45.0,4668.143386513707
1776051113.43693,1,0,0,2710.437888,192265.846784,190.531,29,1965,3996,0,0.0,0.0,0.63,0.637,0,0.190531,56.0,2331.532602806092
1776051113.4801457,0,95,0,2848.84992,192265.846784,389.43,40,1965,3996,95,0.0,0.0,300.446,53.252,0,0.38943,45.0,4701.305209297654
1776051113.522341,1,0,0,2710.437888,192265.846784,190.5,29,1965,3996,0,0.0,0.0,0.628,0.762,0,0.1905,56.0,2347.803411979676
1776051113.5655427,0,95,0,2848.84992,192265.846784,389.422,40,1965,3996,95,0.0,0.0,300.389,53.306,0,0.38942200000000005,45.0,4734.560681810376
1776051113.6075737,1,0,0,2710.437888,192265.846784,190.457,29,1965,3996,0,0.0,0.0,0.672,0.673,0,0.190457,56.0,2364.0365829286584
1776051113.6506305,0,95,0,2848.84992,192265.846784,389.393,40,1965,3996,95,0.0,0.0,299.887,54.807,0,0.389393,45.0,4767.693266242024
1776051113.6925585,1,0,0,2710.437888,192265.846784,190.457,29,1965,3996,0,0.0,0.0,0.661,0.634,0,0.190457,56.0,2380.2225290508277
1776051113.7354083,0,95,0,2848.84992,192265.846784,389.427,40,1965,3996,95,0.0,0.0,299.917,53.347,0,0.389427,45.0,4800.708043036458
1776051113.7773638,1,0,0,2710.437888,192265.846784,190.47,29,1965,3996,0,0.0,0.0,0.644,0.716,0,0.19047,56.0,2396.3753850502976
1776051113.820422,0,95,0,2848.84992,192265.846784,389.427,40,1965,3996,95,0.0,0.0,300.135,53.515,0,0.389427,45.0,4833.814645149943
1776051113.8624687,1,0,0,2710.437888,192265.846784,190.447,29,1965,3996,0,0.0,0.0,0.646,2.13,0,0.190447,56.0,2412.5833660006533
1776051113.9065459,0,95,0,2848.84992,192265.846784,389.414,40,1965,3996,95,0.0,0.0,297.812,53.296,0,0.389414,45.0,4867.352514417407
1776051113.9485054,1,0,0,2710.437888,192265.846784,190.426,29,1965,3996,0,0.0,0.0,0.663,2.057,0,0.19042599999999998,56.0,2428.966987231732
1776051113.9920044,0,95,0,2848.84992,192265.846784,389.356,40,1965,3996,95,0.0,0.0,300.019,53.453,0,0.389356,45.0,4900.6263007914995
1776051114.0339394,1,0,0,2710.437888,192265.846784,190.472,29,1965,3996,0,0.0,0.0,0.644,0.651,0,0.190472,56.0,2445.239764453412
1776051114.0770023,0,95,0,2848.84992,192265.846784,389.352,40,1965,3996,95,0.0,0.0,300.544,53.328,0,0.389352,45.0,4933.720400185344
1776051114.118987,1,0,0,2710.437888,192265.846784,190.503,29,1965,3996,0,0.0,0.0,0.641,0.643,0,0.19050299999999998,56.0,2461.44161061144
1776051114.1620257,0,95,0,2848.84992,192265.846784,389.386,40,1965,3996,95,0.0,0.0,300.164,54.974,0,0.389386,45.0,4966.827323051212
1776051114.2042034,1,0,0,2710.437888,192265.846784,190.436,29,1965,3996,0,0.0,0.0,0.681,0.703,0,0.190436,56.0,2477.6698588328372
1776051114.2573595,0,95,0,2848.84992,192265.846784,389.377,40,1965,3996,95,0.0,0.0,300.806,54.773,0,0.38937700000000003,45.0,5003.948117786882
1776051114.299506,1,0,0,2710.437888,192265.846784,190.436,29,1965,3996,0,0.0,0.0,0.654,0.676,0,0.190436,56.0,2495.8189012980474
1776051114.342965,0,95,0,2848.84992,192265.846784,389.345,40,1965,3996,95,0.0,0.0,300.566,53.331,0,0.38934500000000005,45.0,5037.278145599601
1776051114.3849556,1,0,0,2710.437888,192265.846784,190.427,29,1965,3996,0,0.0,0.0,0.675,0.609,0,0.19042699999999999,56.0,2512.090830479623
1776051114.428099,0,95,0,2848.84992,192265.846784,389.377,40,1965,3996,95,0.0,0.0,299.92,53.329,0,0.38937700000000003,45.0,5070.427378560778
1776051114.47015,1,0,0,2710.437888,192265.846784,190.339,29,1965,3996,0,0.0,0.0,0.702,0.707,0,0.190339,56.0,2528.3066377289306
1776051114.513061,0,95,0,2848.84992,192265.846784,389.377,40,1965,3996,95,0.0,0.0,300.139,53.291,0,0.38937700000000003,45.0,5103.509677695271
1776051114.5549936,1,0,0,2710.437888,192265.846784,190.347,29,1965,3996,0,0.0,0.0,0.662,2.055,0,0.19034700000000002,56.0,2544.456369226695
1776051114.598138,0,95,0,2848.84992,192265.846784,389.36,40,1965,3996,95,0.0,0.0,300.058,53.454,0,0.38936000000000004,45.0,5136.635276850698
1776051114.6401258,1,0,0,2710.437888,192265.846784,190.38,29,1965,3996,0,0.0,0.0,0.641,0.651,0,0.19038,56.0,2560.6638226206314
1776051114.6847813,0,95,0,2848.84992,192265.846784,389.344,40,1965,3996,95,0.0,0.0,298.038,57.133,0,0.38934399999999997,45.0,5170.369294306753
1776051114.7334433,1,0,0,2710.437888,192265.846784,190.377,29,1965,3996,0,0.0,0.0,6.166,0.65,0,0.19037700000000002,56.0,2578.4293299739375
1776051114.7768903,0,95,0,2848.84992,192265.846784,389.331,40,1965,3996,95,0.0,0.0,300.48,53.333,0,0.38933100000000004,45.0,5206.230169728038
1776051114.8187757,1,0,0,2710.437888,192265.846784,190.422,29,1965,3996,0,0.0,0.0,0.628,0.639,0,0.190422,56.0,2594.678495036842
1776051114.8618739,0,95,0,2848.84992,192265.846784,389.345,40,1965,3996,95,0.0,0.0,300.506,54.976,0,0.38934500000000005,45.0,5239.318104511735
1776051114.9038448,1,0,0,2710.437888,192265.846784,190.43,29,1965,3996,0,0.0,0.0,0.651,0.641,0,0.19043000000000002,56.0,2610.878218895675
1776051114.9468017,0,95,0,2848.84992,192265.846784,389.377,40,1965,3996,95,0.0,0.0,300.009,54.809,0,0.38937700000000003,45.0,5272.387035447833
1776051114.9889157,1,0,0,2710.437888,192265.846784,190.43,29,1965,3996,0,0.0,0.0,0.671,0.631,0,0.19043000000000002,56.0,2627.0782605688587
1776051115.0320542,0,95,0,2848.84992,192265.846784,389.391,40,1965,3996,95,0.0,0.0,300.163,53.306,0,0.38939100000000004,45.0,5305.583600795743
1776051115.074043,1,0,0,2710.437888,192265.846784,190.38,29,1965,3996,0,0.0,0.0,0.66,0.703,0,0.19038,56.0,2643.284806160213
1776051115.1181016,0,95,0,2848.84992,192265.846784,389.391,40,1965,3996,95,0.0,0.0,300.65,53.257,0,0.38939100000000004,45.0,5339.089688198802
1776051115.1600618,1,0,0,2710.437888,192265.846784,190.356,29,1965,3996,0,0.0,0.0,0.67,2.06,0,0.190356,56.0,2659.659000993015
1776051115.203225,0,95,0,2848.84992,192265.846784,389.411,40,1965,3996,95,0.0,0.0,300.253,53.38,0,0.389411,45.0,5372.2376377902
1776051115.2453413,1,0,0,2710.437888,192265.846784,190.379,29,1965,3996,0,0.0,0.0,0.754,0.674,0,0.190379,56.0,2675.894420207264
1776051115.2882361,0,95,0,2848.84992,192265.846784,389.484,40,1965,3996,95,0.0,0.0,299.905,53.452,0,0.389484,45.0,5405.348157078263
1776051115.3302798,1,0,0,2710.437888,192265.846784,190.409,29,1965,3996,0,0.0,0.0,0.643,0.65,0,0.190409,56.0,2692.067480033638
1776051115.373361,0,95,0,2848.84992,192265.846784,389.534,40,1965,3996,95,0.0,0.0,300.687,53.377,0,0.389534,45.0,5438.507226940629
1776051115.4153376,1,0,0,2710.437888,192265.846784,190.443,29,1965,3996,0,0.0,0.0,0.624,0.636,0,0.190443,56.0,2708.266130344631
1776051115.4592764,0,95,0,2848.84992,192265.846784,389.537,40,1965,3996,95,0.0,0.0,299.297,55.009,0,0.38953699999999997,45.0,5471.97442570233
1776051115.5012121,1,0,0,2710.437888,192265.846784,190.443,29,1965,3996,0,0.0,0.0,0.668,0.582,0,0.190443,56.0,2724.6203386976736
1776051115.55452,0,95,0,2848.84992,192265.846784,389.559,40,1965,3996,95,0.0,0.0,299.906,54.804,0,0.38955900000000004,45.0,5509.077370391127
1776051115.5964603,1,0,0,2710.437888,192265.846784,190.455,29,1965,3996,0,0.0,0.0,0.676,0.621,0,0.190455,56.0,2742.7608388855474
1776051115.6396556,0,95,0,2848.84992,192265.846784,389.58,40,1965,3996,95,0.0,0.0,300.94,53.64,0,0.38958,45.0,5542.244535742041
1776051115.6814764,1,0,0,2710.437888,192265.846784,190.457,29,1965,3996,0,0.0,0.0,0.649,0.684,0,0.190457,56.0,2758.9527335195557
1776051115.724426,0,95,0,2848.84992,192265.846784,389.58,40,1965,3996,95,0.0,0.0,300.414,53.205,0,0.38958,45.0,5575.269404168364
1776051115.7669647,1,0,0,2710.437888,192265.846784,190.41,29,1965,3996,0,0.0,0.0,0.668,0.816,0,0.19041,56.0,2775.2305644159333
1776051115.810335,0,95,0,2848.84992,192265.846784,389.572,40,1965,3996,95,0.0,0.0,300.196,53.323,0,0.38957200000000003,45.0,5608.737102174041
1776051115.8524885,1,0,0,2710.437888,192265.846784,190.392,29,1965,3996,0,0.0,0.0,0.668,2.097,0,0.190392,56.0,2791.5136200780885
1776051115.8959475,0,95,0,2848.84992,192265.846784,389.538,40,1965,3996,95,0.0,0.0,301.898,53.459,0,0.389538,45.0,5642.086438018558
1776051115.9379478,1,0,0,2710.437888,192265.846784,190.378,29,1965,3996,0,0.0,0.0,0.641,0.651,0,0.190378,56.0,2807.7831778106706
1776051115.9812088,0,95,0,2848.84992,192265.846784,389.61,40,1965,3996,95,0.0,0.0,300.402,53.306,0,0.38961,45.0,5675.305110608813
1776051116.023216,1,0,0,2710.437888,192265.846784,190.337,29,1965,3996,0,0.0,0.0,0.7,0.657,0,0.19033699999999998,56.0,2824.0128824331778
1776051116.0662858,0,95,0,2848.84992,192265.846784,389.599,40,1965,3996,95,0.0,0.0,302.162,53.334,0,0.389599,45.0,5708.451043178556
1776051116.1082568,1,0,0,2710.437888,192265.846784,190.318,29,1965,3996,0,0.0,0.0,0.657,0.639,0,0.19031800000000001,56.0,2840.1976788775937
1776051116.1519215,0,95,0,2848.84992,192265.846784,389.559,40,1965,3996,95,0.0,0.0,301.149,54.856,0,0.38955900000000004,45.0,5741.811186062333
1776051116.1938841,1,0,0,2710.437888,192265.846784,190.318,29,1965,3996,0,0.0,0.0,0.668,0.631,0,0.19031800000000001,56.0,2856.494098675968
1776051116.237037,0,95,0,2848.84992,192265.846784,389.538,40,1965,3996,95,0.0,0.0,302.258,53.35,0,0.389538,45.0,5774.966881500718
1776051116.2790382,1,0,0,2710.437888,192265.846784,190.305,29,1965,3996,0,0.0,0.0,0.657,0.719,0,0.190305,56.0,2872.699341407539
1776051116.322313,0,95,0,2848.84992,192265.846784,389.538,40,1965,3996,95,0.0,0.0,301.071,53.469,0,0.389538,45.0,5808.185173406121
1776051116.3644304,1,0,0,2710.437888,192265.846784,190.301,29,1965,3996,0,0.0,0.0,0.691,2.204,0,0.190301,56.0,2888.949569445612
1776051116.4073398,0,95,0,2848.84992,192265.846784,389.507,40,1965,3996,95,0.0,0.0,300.277,53.339,0,0.389507,45.0,5841.303684223649
1776051116.44939,1,0,0,2710.437888,192265.846784,190.223,29,1965,3996,0,0.0,0.0,0.662,2.102,0,0.190223,56.0,2905.1108217434903
1776051116.4923737,0,95,0,2848.84992,192265.846784,389.579,40,1965,3996,95,0.0,0.0,299.899,53.434,0,0.389579,45.0,5874.431103452679
1776051116.5343902,1,0,0,2710.437888,192265.846784,190.194,29,1965,3996,0,0.0,0.0,0.651,0.651,0,0.190194,56.0,2921.277364344599
1776051116.577746,0,95,0,2848.84992,192265.846784,389.585,40,1965,3996,95,0.0,0.0,300.645,53.287,0,0.38958499999999996,45.0,5907.690835709806
1776051116.6197512,1,0,0,2710.437888,192265.846784,190.181,29,1965,3996,0,0.0,0.0,0.627,0.618,0,0.19018100000000002,56.0,2937.5114054226897
1776051116.6636112,0,95,0,2848.84992,192265.846784,389.59,40,1965,3996,95,0.0,0.0,302.961,54.971,0,0.38959,45.0,5941.143082030054
1776051116.7125251,1,0,0,2710.437888,192265.846784,190.216,29,1965,3996,0,0.0,0.0,0.638,6.35,0,0.190216,56.0,2955.1584883122464
1776051116.755778,0,95,0,2848.84992,192265.846784,389.646,40,1965,3996,95,0.0,0.0,300.06,54.803,0,0.389646,45.0,5977.055546194788
1776051116.7977245,1,0,0,2710.437888,192265.846784,190.216,29,1965,3996,0,0.0,0.0,0.665,0.618,0,0.190216,56.0,2971.3647690281887
1776051116.840774,0,95,0,2848.84992,192265.846784,389.633,40,1965,3996,95,0.0,0.0,300.89,53.454,0,0.389633,45.0,6010.1727868304215
1776051116.883945,1,0,0,2710.437888,192265.846784,190.23,29,1965,3996,0,0.0,0.0,0.656,0.634,0,0.19022999999999998,56.0,2987.7664952859895
1776051116.9277463,0,95,0,2848.84992,192265.846784,389.633,40,1965,3996,95,0.0,0.0,299.052,53.553,0,0.389633,45.0,6044.060040306565
1776051116.9698246,1,0,0,2710.437888,192265.846784,190.196,29,1965,3996,0,0.0,0.0,0.697,0.689,0,0.190196,56.0,3004.1004448947924
1776051117.013996,0,95,0,2848.84992,192265.846784,389.611,40,1965,3996,95,0.0,0.0,300.988,53.326,0,0.389611,45.0,6077.663829284903
1776051117.0559404,1,0,0,2710.437888,192265.846784,190.21,29,1965,3996,0,0.0,0.0,0.659,2.053,0,0.19021000000000002,56.0,3020.4805382690447
1776051117.0994337,0,95,0,2848.84992,192265.846784,389.64,40,1965,3996,95,0.0,0.0,299.915,53.571,0,0.38964,45.0,6110.953803802725
1776051117.1413708,1,0,0,2710.437888,192265.846784,190.193,29,1965,3996,0,0.0,0.0,0.643,0.655,0,0.190193,56.0,3036.728799232723
1776051117.1844616,0,95,0,2848.84992,192265.846784,389.587,40,1965,3996,95,0.0,0.0,300.422,53.478,0,0.389587,45.0,6144.07958118343
1776051117.2265093,1,0,0,2710.437888,192265.846784,190.177,29,1965,3996,0,0.0,0.0,0.696,0.65,0,0.19017699999999998,56.0,3052.9201950325983
1776051117.2695057,0,95,0,2848.84992,192265.846784,389.599,40,1965,3996,95,0.0,0.0,300.415,53.335,0,0.389599,45.0,6177.212695258851
1776051117.3114355,1,0,0,2710.437888,192265.846784,190.138,29,1965,3996,0,0.0,0.0,0.654,0.632,0,0.190138,56.0,3069.0678792319313
1776051117.3559065,0,95,0,2848.84992,192265.846784,389.596,40,1965,3996,95,0.0,0.0,300.211,54.832,0,0.389596,45.0,6210.874080803628
1776051117.3980565,1,0,0,2710.437888,192265.846784,190.138,29,1965,3996,0,0.0,0.0,0.655,0.643,0,0.190138,56.0,3085.5378316888823
1776051117.441564,0,95,0,2848.84992,192265.846784,389.554,40,1965,3996,95,0.0,0.0,303.234,53.363,0,0.38955399999999996,45.0,6244.242340184923
1776051117.4845662,1,0,0,2710.437888,192265.846784,190.191,29,1965,3996,0,0.0,0.0,1.575,0.622,0,0.190191,56.0,3101.9911989145294
1776051117.5278578,0,95,0,2848.84992,192265.846784,389.554,40,1965,3996,95,0.0,0.0,299.017,53.332,0,0.38955399999999996,45.0,6277.858395165201
1776051117.569875,1,0,0,2710.437888,192265.846784,190.215,29,1965,3996,0,0.0,0.0,0.653,0.712,0,0.190215,56.0,3118.2182104437366
1776051117.6127923,0,95,0,2848.84992,192265.846784,389.474,40,1965,3996,95,0.0,0.0,300.181,53.348,0,0.389474,45.0,6310.938164117094
1776051117.6547139,1,0,0,2710.437888,192265.846784,190.204,29,1965,3996,0,0.0,0.0,0.661,2.055,0,0.190204,56.0,3134.354902338268
1776051117.6977684,0,95,0,2848.84992,192265.846784,389.43,40,1965,3996,95,0.0,0.0,300.134,53.423,0,0.38943,45.0,6344.030444237944
1776051117.7397683,1,0,0,2710.437888,192265.846784,190.215,29,1965,3996,0,0.0,0.0,0.666,0.648,0,0.190215,56.0,3150.5335245745196
1776051117.783567,0,95,0,2848.84992,192265.846784,389.46,40,1965,3996,95,0.0,0.0,301.509,53.462,0,0.38946,45.0,6377.445528814551
1776051117.8256066,1,0,0,2710.437888,192265.846784,190.254,29,1965,3996,0,0.0,0.0,0.648,0.683,0,0.19025399999999998,56.0,3166.8646079027667
1776051117.8691034,0,95,0,2848.84992,192265.846784,389.525,40,1965,3996,95,0.0,0.0,300.429,53.333,0,0.38952499999999995,45.0,6410.764126167056
1776051117.9118612,1,0,0,2710.437888,192265.846784,190.306,29,1965,3996,0,0.0,0.0,0.647,0.673,0,0.190306,56.0,3183.279375184299
1776051117.9548934,0,95,0,2848.84992,192265.846784,389.515,40,1965,3996,95,0.0,0.0,300.053,54.832,0,0.389515,45.0,6444.180586427209
1776051117.996894,1,0,0,2710.437888,192265.846784,190.306,29,1965,3996,0,0.0,0.0,0.688,0.609,0,0.190306,56.0,3199.461608474495
1776051118.0399745,0,95,0,2848.84992,192265.846784,389.444,40,1965,3996,95,0.0,0.0,300.094,53.417,0,0.389444,45.0,6477.314910516259
1776051118.0819383,1,0,0,2710.437888,192265.846784,190.305,29,1965,3996,0,0.0,0.0,0.646,0.72,0,0.190305,56.0,3215.645979972126
1776051118.125483,0,95,0,2848.84992,192265.846784,389.444,40,1965,3996,95,0.0,0.0,300.209,53.349,0,0.389444,45.0,6510.615715883729
1776051118.1677122,1,0,0,2710.437888,192265.846784,190.334,29,1965,3996,0,0.0,0.0,0.695,0.795,0,0.190334,56.0,3231.9716779921073
1776051118.2111819,0,95,0,2848.84992,192265.846784,389.43,40,1965,3996,95,0.0,0.0,303.535,53.323,0,0.38943,45.0,6543.989416314122
1776051118.2531154,1,0,0,2710.437888,192265.846784,190.38,29,1965,3996,0,0.0,0.0,0.656,2.056,0,0.19038,56.0,3248.230739962818
1776051118.2963984,0,95,0,2848.84992,192265.846784,389.452,40,1965,3996,95,0.0,0.0,300.015,53.604,0,0.389452,45.0,6577.177161324497
1776051118.3383257,1,0,0,2710.437888,192265.846784,190.414,29,1965,3996,0,0.0,0.0,0.641,0.657,0,0.190414,56.0,3264.4559784700887
1776051118.3813298,0,95,0,2848.84992,192265.846784,389.458,40,1965,3996,95,0.0,0.0,301.384,53.31,0,0.389458,45.0,6610.254364222523
1776051118.4233367,1,0,0,2710.437888,192265.846784,190.426,29,1965,3996,0,0.0,0.0,0.633,0.624,0,0.19042599999999998,56.0,3280.644284184696
1776051118.4664693,0,95,0,2848.84992,192265.846784,389.425,40,1965,3996,95,0.0,0.0,300.148,54.947,0,0.389425,45.0,6643.40981907868
1776051118.5085666,1,0,0,2710.437888,192265.846784,190.47,29,1965,3996,0,0.0,0.0,0.644,0.628,0,0.19047,56.0,3296.878018220188
1776051118.5522153,0,95,0,2848.84992,192265.846784,389.499,40,1965,3996,95,0.0,0.0,299.765,55.027,0,0.38949900000000004,45.0,6676.807819761272
1776051118.5941765,1,0,0,2710.437888,192265.846784,190.47,29,1965,3996,0,0.0,0.0,0.666,0.617,0,0.19047,56.0,3313.184138324978
1776051118.6376173,0,95,0,2848.84992,192265.846784,389.519,40,1965,3996,95,0.0,0.0,299.927,53.478,0,0.389519,45.0,6710.073526023384
1776051118.6795654,1,0,0,2710.437888,192265.846784,190.507,29,1965,3996,0,0.0,0.0,0.654,0.721,0,0.190507,56.0,3329.451321278097
1776051118.7226481,0,95,0,2848.84992,192265.846784,389.519,40,1965,3996,95,0.0,0.0,300.177,53.267,0,0.389519,45.0,6743.194635927435
1776051118.7646651,1,0,0,2710.437888,192265.846784,190.512,29,1965,3996,0,0.0,0.0,0.658,2.061,0,0.190512,56.0,3345.663834774496
1776051118.808685,0,95,0,2848.84992,192265.846784,389.458,40,1965,3996,95,0.0,0.0,317.453,53.326,0,0.389458,45.0,6776.702402930017
1776051118.85069,1,0,0,2710.437888,192265.846784,190.475,29,1965,3996,0,0.0,0.0,0.629,2.044,0,0.190475,56.0,3362.0494011640567
1776051118.894339,0,95,0,2848.84992,192265.846784,389.436,40,1965,3996,95,0.0,0.0,300.048,53.48,0,0.389436,45.0,6810.059161983248
1776051118.936338,1,0,0,2710.437888,192265.846784,190.465,29,1965,3996,0,0.0,0.0,0.642,0.643,0,0.190465,56.0,3378.362358882429
1776051118.9800928,0,95,0,2848.84992,192265.846784,389.432,40,1965,3996,95,0.0,0.0,301.316,53.606,0,0.389432,45.0,6843.454388810869
1776051119.0220182,1,0,0,2710.437888,192265.846784,190.517,29,1965,3996,0,0.0,0.0,0.633,0.648,0,0.190517,56.0,3394.685902376892
1776051119.0650997,0,95,0,2848.84992,192265.846784,389.504,40,1965,3996,95,0.0,0.0,299.876,54.805,0,0.389504,45.0,6876.5649367539845
1776051119.1072185,1,0,0,2710.437888,192265.846784,190.517,29,1965,3996,0,0.0,0.0,0.693,0.682,0,0.190517,56.0,3410.918009790184
1776051119.1500862,0,95,0,2848.84992,192265.846784,389.502,40,1965,3996,95,0.0,0.0,300.007,54.811,0,0.389502,45.0,6909.667328335043
1776051119.1920562,1,0,0,2710.437888,192265.846784,190.508,29,1965,3996,0,0.0,0.0,0.631,0.708,0,0.190508,56.0,3427.080265597107
1776051119.2349672,0,95,0,2848.84992,192265.846784,389.474,40,1965,3996,95,0.0,0.0,300.021,53.342,0,0.389474,45.0,6942.726297131296
1776051119.2771778,1,0,0,2710.437888,192265.846784,190.53,29,1965,3996,0,0.0,0.0,0.649,0.805,0,0.19053,56.0,3443.2984900701067
1776051119.320671,0,95,0,2848.84992,192265.846784,389.474,40,1965,3996,95,0.0,0.0,300.262,53.305,0,0.389474,45.0,6976.105718325372
1776051119.362729,1,0,0,2710.437888,192265.846784,190.525,29,1965,3996,0,0.0,0.0,0.656,2.102,0,0.190525,56.0,3459.598144243958
1776051119.4065464,0,95,0,2848.84992,192265.846784,389.415,40,1965,3996,95,0.0,0.0,300.019,54.805,0,0.389415,45.0,7009.546837663646
1776051119.448483,1,0,0,2710.437888,192265.846784,190.481,29,1965,3996,0,0.0,0.0,0.641,2.066,0,0.19048099999999998,56.0,3475.932636240246
1776051119.4916081,0,95,0,2848.84992,192265.846784,389.454,40,1965,3996,95,0.0,0.0,299.871,53.404,0,0.389454,45.0,7042.674491465087
1776051119.5336046,1,0,0,2710.437888,192265.846784,190.438,29,1965,3996,0,0.0,0.0,0.642,0.653,0,0.190438,56.0,3492.1430295231366
1776051119.5765314,0,95,0,2848.84992,192265.846784,389.407,40,1965,3996,95,0.0,0.0,300.508,53.497,0,0.389407,45.0,7075.744206239696
1776051119.6184409,1,0,0,2710.437888,192265.846784,190.425,29,1965,3996,0,0.0,0.0,0.633,0.637,0,0.190425,56.0,3508.2979713978793
1776051119.6614006,0,95,0,2848.84992,192265.846784,389.394,40,1965,3996,95,0.0,0.0,300.631,54.784,0,0.389394,45.0,7108.791742612358
1776051119.7124772,1,0,0,2710.437888,192265.846784,190.425,29,1965,3996,0,0.0,0.0,0.661,8.112,0,0.190425,56.0,3526.204841578248
1776051119.7557597,0,95,0,2848.84992,192265.846784,389.431,40,1965,3996,95,0.0,0.0,300.037,54.823,0,0.38943099999999997,45.0,7145.538124443765
1776051119.797681,1,0,0,2710.437888,192265.846784,190.438,29,1965,3996,0,0.0,0.0,0.671,0.617,0,0.190438,56.0,3542.4308992264296
1776051119.8407583,0,95,0,2848.84992,192265.846784,389.464,40,1965,3996,95,0.0,0.0,300.27,53.317,0,0.389464,45.0,7178.642022167916
1776051119.8828416,1,0,0,2710.437888,192265.846784,190.463,29,1965,3996,0,0.0,0.0,0.651,0.805,0,0.190463,56.0,3558.650822366717
1776051119.9258196,0,95,0,2848.84992,192265.846784,389.464,40,1965,3996,95,0.0,0.0,300.298,53.457,0,0.389464,45.0,7211.770340876336
1776051119.9678822,1,0,0,2710.437888,192265.846784,190.42,29,1965,3996,0,0.0,0.0,0.719,0.632,0,0.19041999999999998,56.0,3574.8442475738552
1776051120.0110774,0,95,0,2848.84992,192265.846784,389.466,40,1965,3996,95,0.0,0.0,300.243,53.675,0,0.38946600000000003,45.0,7244.97534299397
1776051120.0530732,1,0,0,2710.437888,192265.846784,190.32,29,1965,3996,0,0.0,0.0,0.64,2.065,0,0.19032,56.0,3591.057800868991
1776051120.0968754,0,95,0,2848.84992,192265.846784,389.493,40,1965,3996,95,0.0,0.0,301.55,53.384,0,0.389493,45.0,7278.3930731964065
1776051120.1388419,1,0,0,2710.437888,192265.846784,190.322,29,1965,3996,0,0.0,0.0,0.644,0.657,0,0.190322,56.0,3607.3814713230163
1776051120.1820238,0,95,0,2848.84992,192265.846784,389.581,40,1965,3996,95,0.0,0.0,301.293,53.504,0,0.389581,45.0,7311.565246500488
1776051120.2240317,1,0,0,2710.437888,192265.846784,190.288,29,1965,3996,0,0.0,0.0,0.637,0.644,0,0.190288,56.0,3623.5920716648134
1776051120.2669427,0,95,0,2848.84992,192265.846784,389.564,40,1965,3996,95,0.0,0.0,299.998,54.828,0,0.389564,45.0,7344.646622400756
1776051120.308984,1,0,0,2710.437888,192265.846784,190.288,29,1965,3996,0,0.0,0.0,0.679,0.628,0,0.190288,56.0,3639.7574852848084
1776051120.351879,0,95,0,2848.84992,192265.846784,389.564,40,1965,3996,95,0.0,0.0,299.944,54.809,0,0.389564,45.0,7377.73468561029
1776051120.3938212,1,0,0,2710.437888,192265.846784,190.281,29,1965,3996,0,0.0,0.0,0.635,0.698,0,0.190281,56.0,3655.9003922064335
1776051120.4372876,0,95,0,2848.84992,192265.846784,389.532,40,1965,3996,95,0.0,0.0,300.08,53.294,0,0.389532,45.0,7411.004102505203
1776051120.4794502,1,0,0,2710.437888,192265.846784,190.281,29,1965,3996,0,0.0,0.0,0.643,0.767,0,0.190281,56.0,3672.1939613597424
1776051120.5230503,0,95,0,2848.84992,192265.846784,389.532,40,1965,3996,95,0.0,0.0,303.932,53.274,0,0.389532,45.0,7444.411433824059
1776051120.5649776,1,0,0,2710.437888,192265.846784,190.268,29,1965,3996,0,0.0,0.0,0.652,2.049,0,0.190268,56.0,3688.467092516664
1776051120.6082058,0,95,0,2848.84992,192265.846784,389.496,40,1965,3996,95,0.0,0.0,300.012,53.459,0,0.38949599999999995,45.0,7477.579155412193
1776051120.6501865,1,0,0,2710.437888,192265.846784,190.375,29,1965,3996,0,0.0,0.0,0.637,2.118,0,0.190375,56.0,3704.6887354877026
1776051120.6930842,0,95,0,2848.84992,192265.846784,389.509,40,1965,3996,95,0.0,0.0,300.119,53.38,0,0.389509,45.0,7510.640073517796
1776051120.735001,1,0,0,2710.437888,192265.846784,190.352,29,1965,3996,0,0.0,0.0,0.647,0.653,0,0.190352,56.0,3720.8333544223337
1776051120.7780647,0,95,0,2848.84992,192265.846784,389.5,40,1965,3996,95,0.0,0.0,301.402,53.298,0,0.3895,45.0,7543.739973525044
1776051120.8200457,1,0,0,2710.437888,192265.846784,190.312,29,1965,3996,0,0.0,0.0,0.622,0.619,0,0.190312,56.0,3737.0183666045696
1776051120.8641946,0,95,0,2848.84992,192265.846784,389.487,40,1965,3996,95,0.0,0.0,299.508,54.803,0,0.389487,45.0,7577.286451363799
1776051120.9062526,1,0,0,2710.437888,192265.846784,190.312,29,1965,3996,0,0.0,0.0,0.673,0.675,0,0.190312,56.0,3753.424576630357
1776051120.9497514,0,95,0,2848.84992,192265.846784,389.431,40,1965,3996,95,0.0,0.0,300.626,54.855,0,0.38943099999999997,45.0,7610.60490033197
1776051120.9918253,1,0,0,2710.437888,192265.846784,190.356,29,1965,3996,0,0.0,0.0,0.678,0.721,0,0.190356,56.0,3769.7138572375807
1776051121.0348566,0,95,0,2848.84992,192265.846784,389.4,40,1965,3996,95,0.0,0.0,299.771,53.392,0,0.38939999999999997,45.0,7643.744857712265
1776051121.076859,1,0,0,2710.437888,192265.846784,190.364,29,1965,3996,0,0.0,0.0,0.66,0.764,0,0.190364,56.0,3785.9012039697204
1776051121.125463,0,95,0,2848.84992,192265.846784,389.4,40,1965,3996,95,0.0,0.0,301.056,77.644,0,0.38939999999999997,45.0,7679.0270097451175
1776051121.167947,1,0,0,2710.437888,192265.846784,190.422,29,1965,3996,0,0.0,0.0,0.681,0.658,0,0.190422,56.0,3803.2463738768133
