dtype,batch_size,input_len,output_len,model,num_gpus,total_time_s,total_output_tokens,throughput_tps,throughput_rps,ttft_s_est,tpot_ms,tbt_ms,ttl_s,mean_gpu_util,max_gpu_util,mean_power_W,peak_power_W,mean_mem_util,mean_sm_clock_MHz,mem_bw_util_pct,mem_used_GB,arith_intensity
fp8,1,128,128,Qwen/Qwen2.5-7B-Instruct,1,0.5071468092501163,128,252.39239933159578,1.971815619778092,0.1521440427750349,2.773459113086574,2.773459113086574,0.5071468092501163,22.5625,99,225.919625,296.47,7.625,1965.0,7.625,0.0,2.0
fp8,2,128,128,Qwen/Qwen2.5-7B-Instruct,1,0.5067838709801435,256,505.14630527779843,3.9464555099828003,0.15203516129404307,1.38573714721133,1.38573714721133,0.5067838709801435,99.0,99,384.6229090909091,460.868,34.0,1965.0,34.0,0.0,4.0
fp8,4,128,128,Qwen/Qwen2.5-7B-Instruct,1,0.49700209219008684,512,1030.17674984792,8.048255858186875,0.14910062765702606,0.6794950479161344,0.6794950479161344,0.49700209219008684,80.6,99,452.31329999999997,460.868,27.2,1965.0,27.2,0.0,8.0
fp8,8,128,128,Qwen/Qwen2.5-7B-Instruct,1,0.4920365447178483,1024,2081.1462298744477,16.258954920894123,0.14761096341535448,0.3363531067407166,0.3363531067407166,0.4920365447178483,93.0,99,451.4253,452.782,31.0,1965.0,31.0,0.0,16.0
fp8,16,128,128,Qwen/Qwen2.5-7B-Instruct,1,0.5021286495029926,2048,4078.636026896916,31.864343960132157,0.15063859485089778,0.17162600324809318,0.17162600324809318,0.5021286495029926,99.0,99,467.84854545454544,472.791,33.45454545454545,1965.0,33.45454545454545,0.0,32.0
fp8,32,128,128,Qwen/Qwen2.5-7B-Instruct,1,0.5200147125869989,4096,7876.700218005342,61.53672045316674,0.15600441377609967,0.08886970185812972,0.08886970185812972,0.5200147125869989,75.36363636363636,99,468.51218181818183,476.836,25.272727272727273,1965.0,25.272727272727273,0.0,64.0
fp8,1,512,128,Qwen/Qwen2.5-7B-Instruct,1,0.48026666697114706,128,266.51860060837794,2.0821765672529526,0.1440800000913441,2.6264583349984605,2.6264583349984605,0.48026666697114706,84.6,99,472.2985,476.836,28.4,1965.0,28.4,0.0,2.0
fp8,2,512,128,Qwen/Qwen2.5-7B-Instruct,1,0.48622203059494495,256,526.5084341957037,4.113347142153935,0.1458666091784835,1.3295133649080526,1.3295133649080526,0.48622203059494495,99.0,99,472.88409999999993,479.08,34.0,1965.0,34.0,0.0,4.0
fp8,4,512,128,Qwen/Qwen2.5-7B-Instruct,1,0.4987734565511346,512,1026.5181381950895,8.019672954649137,0.14963203696534036,0.6819168351285044,0.6819168351285044,0.4987734565511346,89.0,99,470.2246,471.694,29.7,1965.0,29.7,0.0,8.0
fp8,8,512,128,Qwen/Qwen2.5-7B-Instruct,1,0.5032117031514645,1024,2034.9288253571888,15.897881448103037,0.15096351094543933,0.3439923752011964,0.3439923752011964,0.5032117031514645,99.0,99,473.55181818181825,475.685,33.0,1965.0,33.0,0.0,16.0
fp8,16,512,128,Qwen/Qwen2.5-7B-Instruct,1,0.5169506147503853,2048,3961.6937122492777,30.950732126947482,0.15508518442511557,0.17669210465101062,0.17669210465101062,0.5169506147503853,79.0,99,467.73509090909084,472.955,26.545454545454547,1965.0,26.545454545454547,0.0,32.0
fp8,32,512,128,Qwen/Qwen2.5-7B-Instruct,1,0.5465404931455851,4096,7494.41267640699,58.55009903442961,0.1639621479436755,0.09340291630905996,0.09340291630905996,0.5465404931455851,81.18181818181819,99,470.0912727272726,477.141,26.363636363636363,1965.0,26.363636363636363,0.0,64.0
fp8,1,1024,128,Qwen/Qwen2.5-7B-Instruct,1,0.4853418916463852,128,263.7316131228569,2.0604032275223196,0.14560256749391556,2.654213469941169,2.654213469941169,0.4853418916463852,96.2,99,491.0952000000001,494.369,32.0,1965.0,32.0,0.0,2.0
fp8,2,1024,128,Qwen/Qwen2.5-7B-Instruct,1,0.4942736215889454,256,517.9317463412972,4.046341768291384,0.14828208647668362,1.3515294340322725,1.3515294340322725,0.4942736215889454,93.0,99,490.12520000000006,496.455,31.2,1965.0,31.2,0.0,4.0
fp8,4,1024,128,Qwen/Qwen2.5-7B-Instruct,1,0.506040190346539,512,1011.7773445017868,7.90451050392021,0.1518120571039617,0.6918518227394088,0.6918518227394088,0.506040190346539,98.63636363636364,99,474.769090909091,476.694,33.0,1965.0,33.0,0.0,8.0
fp8,8,1024,128,Qwen/Qwen2.5-7B-Instruct,1,0.5130679337307811,1024,1995.837066943492,15.59247708549603,0.1539203801192343,0.35073003282377613,0.35073003282377613,0.5130679337307811,76.45454545454545,99,462.4592727272727,475.02,25.0,1965.0,25.0,0.0,16.0
fp8,16,1024,128,Qwen/Qwen2.5-7B-Instruct,1,0.5277325008064508,2048,3880.753974542714,30.318390426114952,0.15831975024193526,0.18037731961157988,0.18037731961157988,0.5277325008064508,86.27272727272727,99,468.792090909091,484.207,27.90909090909091,1965.0,27.90909090909091,0.0,32.0
fp8,32,1024,128,Qwen/Qwen2.5-7B-Instruct,1,0.5806943187490106,4096,7053.625061846671,55.10644579567712,0.17420829562470316,0.09923975173933286,0.09923975173933286,0.5806943187490106,91.33333333333333,99,483.2315833333334,497.794,29.333333333333332,1965.0,29.333333333333332,0.0,64.0
fp8,1,2048,128,Qwen/Qwen2.5-7B-Instruct,1,0.49859786685556173,128,256.7199109920785,2.0056243046256133,0.14957936005666853,2.7267070843663532,2.7267070843663532,0.49859786685556173,99.0,99,500.3598,506.328,33.7,1965.0,33.7,0.0,2.0
fp8,2,2048,128,Qwen/Qwen2.5-7B-Instruct,1,0.5041962107643485,256,507.7388416146773,3.9667097001146665,0.15125886322930454,1.3786615138087654,1.3786615138087654,0.5041962107643485,94.27272727272727,99,502.3614545454546,507.678,31.818181818181817,1965.0,31.818181818181817,0.0,4.0
fp8,4,2048,128,Qwen/Qwen2.5-7B-Instruct,1,0.5169562716037035,512,990.4125902403155,7.737598361252465,0.15508688148111105,0.7067761525831884,0.7067761525831884,0.5169562716037035,84.81818181818181,99,482.3222727272727,495.435,28.09090909090909,1965.0,28.09090909090909,0.0,8.0
fp8,8,2048,128,Qwen/Qwen2.5-7B-Instruct,1,0.5296591408550739,1024,1933.3188479422247,15.10405349954863,0.15889774225652217,0.3620716783188982,0.3620716783188982,0.5296591408550739,96.81818181818181,99,475.55990909090906,480.377,31.545454545454547,1965.0,31.545454545454547,0.0,16.0
fp8,16,2048,128,Qwen/Qwen2.5-7B-Instruct,1,0.565383818000555,2048,3622.318033867021,28.2993596395861,0.1696151454001665,0.19324642216815846,0.19324642216815846,0.565383818000555,96.66666666666667,99,493.58,499.479,32.0,1965.0,32.0,0.0,32.0
fp8,32,2048,128,Qwen/Qwen2.5-7B-Instruct,1,0.6612392272800207,4096,6194.429838726781,48.393983115052976,0.1983717681840062,0.11300475075586291,0.11300475075586291,0.6612392272800207,88.42857142857143,99,488.8998571428573,498.19,27.714285714285715,1965.0,27.714285714285715,0.0,64.0
fp8,1,128,256,Qwen/Qwen2.5-7B-Instruct,1,0.9493812322616577,256,269.6493161026004,1.0533176410257827,0.2848143696784973,2.5959643069654703,2.5959643069654703,0.9493812322616577,88.05263157894737,99,479.23673684210524,495.136,30.0,1965.0,30.0,0.0,2.0
fp8,2,128,256,Qwen/Qwen2.5-7B-Instruct,1,0.9566811630502343,512,535.1835279870724,2.0905606561995014,0.28700434891507026,1.3079625276077425,1.3079625276077425,0.9566811630502343,97.0,99,471.30550000000005,475.499,33.2,1965.0,33.2,0.0,4.0
fp8,4,128,256,Qwen/Qwen2.5-7B-Instruct,1,0.9777833605185151,1024,1047.266747776293,4.090885733501144,0.2933350081555545,0.6684065941044537,0.6684065941044537,0.9777833605185151,96.4,99,465.3527,468.334,32.15,1965.0,32.15,0.0,8.0
fp8,8,128,256,Qwen/Qwen2.5-7B-Instruct,1,0.9708256414160132,2048,2109.5446109281343,8.240408636438024,0.29124769242480397,0.3318251704058639,0.3318251704058639,0.9708256414160132,95.0,99,471.8897,473.578,31.85,1965.0,31.85,0.0,16.0
fp8,16,128,256,Qwen/Qwen2.5-7B-Instruct,1,0.9693805035203695,4096,4225.378976702239,16.50538662774312,0.29081415105611086,0.1656656133945944,0.1656656133945944,0.9693805035203695,94.2,99,476.9723,480.542,32.2,1965.0,32.2,0.0,32.0
fp8,32,128,256,Qwen/Qwen2.5-7B-Instruct,1,1.006815624423325,8192,8136.544369473945,31.7833764432576,0.3020446873269975,0.08603160853226655,0.08603160853226655,1.006815624423325,93.28571428571429,99,492.7604761904761,506.05,31.333333333333332,1965.0,31.333333333333332,0.0,64.0
fp8,1,512,256,Qwen/Qwen2.5-7B-Instruct,1,0.9514825167134404,256,269.0538139200512,1.0509914606252,0.2854447550140321,2.6017100066383136,2.6017100066383136,0.9514825167134404,88.4,99,486.6968,506.05,30.2,1965.0,30.2,0.0,2.0
fp8,2,512,256,Qwen/Qwen2.5-7B-Instruct,1,0.9591876203194261,512,533.7850376232913,2.0850978032159815,0.2877562860958278,1.3113893246554653,1.3113893246554653,0.9591876203194261,87.0,99,467.5692,470.226,29.8,1965.0,29.8,0.0,4.0
fp8,4,512,256,Qwen/Qwen2.5-7B-Instruct,1,0.9803975662216544,1024,1044.4742370652598,4.079977488536171,0.29411926986649634,0.6701936487843341,0.6701936487843341,0.9803975662216544,88.4,99,466.63430000000005,468.252,29.5,1965.0,29.5,0.0,8.0
fp8,8,512,256,Qwen/Qwen2.5-7B-Instruct,1,0.9825371224433184,2048,2084.399615260488,8.142185997111282,0.2947611367329955,0.33582811802261864,0.33582811802261864,0.9825371224433184,93.2,99,473.69135000000006,479.145,31.15,1965.0,31.15,0.0,16.0
fp8,16,512,256,Qwen/Qwen2.5-7B-Instruct,1,0.991765676997602,4096,4130.007818378962,16.13284304054282,0.29752970309928056,0.1694912045650199,0.1694912045650199,0.991765676997602,92.6,99,483.86295000000007,487.584,31.4,1965.0,31.4,0.0,32.0
fp8,32,512,256,Qwen/Qwen2.5-7B-Instruct,1,1.0467453384771943,8192,7826.163345439614,30.570950568123493,0.3140236015431583,0.08944357140308057,0.08944357140308057,1.0467453384771943,95.76190476190476,99,496.7266666666667,506.649,32.095238095238095,1965.0,32.095238095238095,0.0,64.0
fp8,1,1024,256,Qwen/Qwen2.5-7B-Instruct,1,0.9583952352404594,256,267.1131810622682,1.0434108635244852,0.2875185705721378,2.6206119713606313,2.6206119713606313,0.9583952352404594,99.0,99,504.7168,516.114,34.0,1965.0,34.0,0.0,2.0
fp8,2,1024,256,Qwen/Qwen2.5-7B-Instruct,1,0.9767096433788538,512,524.2090149010655,2.0476914644572872,0.29301289301365613,1.3353452155570267,1.3353452155570267,0.9767096433788538,99.0,99,458.8741999999999,482.967,34.0,1965.0,34.0,0.0,4.0
fp8,4,1024,256,Qwen/Qwen2.5-7B-Instruct,1,0.9989196555688977,1024,1025.1074691455728,4.004326051349894,0.2996758966706693,0.6828552332990512,0.6828552332990512,0.9989196555688977,99.0,99,468.11019999999996,474.643,33.2,1965.0,33.2,0.0,8.0
fp8,8,1024,256,Qwen/Qwen2.5-7B-Instruct,1,0.9881738228723407,2048,2072.5098688073376,8.095741675028663,0.2964521468617022,0.33775472461456957,0.33775472461456957,0.9881738228723407,99.0,99,485.18760000000003,491.489,33.0,1965.0,33.0,0.0,16.0
fp8,16,1024,256,Qwen/Qwen2.5-7B-Instruct,1,1.0106176054105163,4096,4052.9671935966235,15.83190309998681,0.3031852816231549,0.17271296967464878,0.17271296967464878,1.0106176054105163,97.66666666666667,99,492.98952380952386,498.184,32.666666666666664,1965.0,32.666666666666664,0.0,32.0
fp8,32,1024,256,Qwen/Qwen2.5-7B-Instruct,1,1.0858590099960566,8192,7544.2575183216,29.46975593094375,0.32575770299881696,0.09278580407681147,0.09278580407681147,1.0858590099960566,87.9090909090909,99,498.1125454545454,516.46,28.772727272727273,1965.0,28.772727272727273,0.0,64.0
fp8,1,2048,256,Qwen/Qwen2.5-7B-Instruct,1,0.9749444248154759,256,262.5790696207655,1.0256994907061152,0.2924833274446428,2.665863661604817,2.665863661604817,0.9749444248154759,99.0,99,504.88475,519.11,33.95,1965.0,33.95,0.0,2.0
fp8,2,2048,256,Qwen/Qwen2.5-7B-Instruct,1,0.9821138251572847,512,521.3245011778585,2.0364238327260096,0.2946341475471854,1.3427337453322252,1.3427337453322252,0.9821138251572847,99.0,99,482.57219999999995,484.233,34.0,1965.0,34.0,0.0,4.0
fp8,4,2048,256,Qwen/Qwen2.5-7B-Instruct,1,1.0071282554417849,1024,1016.7523296730606,3.971688787785393,0.30213847663253546,0.6884665808684076,0.6884665808684076,1.0071282554417849,99.0,99,489.80642857142874,492.863,33.23809523809524,1965.0,33.23809523809524,0.0,8.0
fp8,8,2048,256,Qwen/Qwen2.5-7B-Instruct,1,1.0180446542799473,2048,2011.6995766246912,7.8582014711902,0.3054133962839842,0.34796448144334136,0.34796448144334136,1.0180446542799473,95.57142857142857,99,486.47604761904756,492.863,31.476190476190474,1965.0,31.476190476190474,0.0,16.0
fp8,16,2048,256,Qwen/Qwen2.5-7B-Instruct,1,1.0590747613459826,4096,3867.526778557518,15.107526478740304,0.3177224284037948,0.18099422190971381,0.18099422190971381,1.0590747613459826,90.27272727272727,99,489.23409090909087,497.383,29.863636363636363,1965.0,29.863636363636363,0.0,32.0
fp8,32,2048,256,Qwen/Qwen2.5-7B-Instruct,1,1.1839273991063237,8192,6919.343201435876,27.02868438060889,0.3551782197318971,0.10116567131035481,0.10116567131035481,1.1839273991063237,91.83333333333333,99,505.31725,526.723,29.541666666666668,1965.0,29.541666666666668,0.0,64.0
fp8,1,128,512,Qwen/Qwen2.5-7B-Instruct,1,1.8916542856022716,512,270.6625644532017,0.5286378211976596,0.5674962856806814,2.5862460935968556,2.5862460935968556,1.8916542856022716,99.0,99,493.49226315789457,538.508,33.86842105263158,1965.0,33.86842105263158,0.0,2.0
fp8,2,128,512,Qwen/Qwen2.5-7B-Instruct,1,1.9019673010334373,1024,538.3899078830681,1.0515427888341173,0.5705901903100311,1.3001729596908265,1.3001729596908265,1.9019673010334373,96.78947368421052,99,478.82031578947385,484.916,33.1578947368421,1965.0,33.1578947368421,0.0,4.0
fp8,4,128,512,Qwen/Qwen2.5-7B-Instruct,1,1.9396747266873717,2048,1055.84713345089,2.0622014325212694,0.5819024180062115,0.6629747600982229,0.6629747600982229,1.9396747266873717,99.0,99,479.72494871794873,483.457,33.1025641025641,1965.0,33.1025641025641,0.0,8.0
fp8,8,128,512,Qwen/Qwen2.5-7B-Instruct,1,1.9268841482698917,4096,2125.711607352062,4.151780483109496,0.5780652444809675,0.3293014901828428,0.3293014901828428,1.9268841482698917,99.0,99,483.0572564102564,489.115,33.56410256410256,1965.0,33.56410256410256,0.0,16.0
fp8,16,128,512,Qwen/Qwen2.5-7B-Instruct,1,1.9287376832216978,8192,4247.337557233995,8.295581166472646,0.5786213049665093,0.16480912820497906,0.16480912820497906,1.9287376832216978,95.51282051282051,99,487.81861538461544,496.904,33.1025641025641,1965.0,33.1025641025641,0.0,32.0
fp8,32,128,512,Qwen/Qwen2.5-7B-Instruct,1,2.002489826641977,16384,8181.814350325426,15.980106152979348,0.600746947992593,0.08555559562068994,0.08555559562068994,2.002489826641977,95.29268292682927,99,509.1410243902439,526.0,32.853658536585364,1965.0,32.853658536585364,0.0,64.0
fp8,1,512,512,Qwen/Qwen2.5-7B-Instruct,1,1.8994185915216804,512,269.55616960125764,0.5264768937524563,0.5698255774565041,2.5968613555960474,2.5968613555960474,1.8994185915216804,93.73684210526316,99,483.94789473684193,517.915,32.36842105263158,1965.0,32.36842105263158,0.0,2.0
fp8,2,512,512,Qwen/Qwen2.5-7B-Instruct,1,1.9043859848752618,1024,537.7061205725438,1.0502072667432496,0.5713157954625785,1.3018263568483235,1.3018263568483235,1.9043859848752618,97.66666666666667,99,479.63338461538467,485.811,33.38461538461539,1965.0,33.38461538461539,0.0,4.0
fp8,4,512,512,Qwen/Qwen2.5-7B-Instruct,1,1.9437158573418856,2048,1053.651948284626,2.0579139614934103,0.5831147572025657,0.6643560059274023,0.6643560059274023,1.9437158573418856,99.0,99,474.7591794871795,484.986,33.12820512820513,1965.0,33.12820512820513,0.0,8.0
fp8,8,512,512,Qwen/Qwen2.5-7B-Instruct,1,1.9358702767640352,4096,2115.8442531835335,4.132508306999089,0.5807610830292106,0.3308372055016662,0.3308372055016662,1.9358702767640352,95.71794871794872,99,483.4547692307693,492.197,32.51282051282051,1965.0,32.51282051282051,0.0,16.0
fp8,16,512,512,Qwen/Qwen2.5-7B-Instruct,1,1.956255634315312,8192,4187.591772926545,8.178890181497158,0.5868766902945936,0.1671605156275291,0.1671605156275291,1.956255634315312,98.2,99,493.16405000000003,502.585,33.825,1965.0,33.825,0.0,32.0
fp8,32,512,512,Qwen/Qwen2.5-7B-Instruct,1,2.055943069048226,16384,7969.09226070388,15.564633321687266,0.6167829207144677,0.0878393645223241,0.0878393645223241,2.055943069048226,96.9047619047619,99,508.18838095238095,527.606,33.095238095238095,1965.0,33.095238095238095,0.0,64.0
fp8,1,1024,512,Qwen/Qwen2.5-7B-Instruct,1,1.9041497623547912,512,268.8864133075482,0.5251687759913051,0.5712449287064373,2.6033297532194415,2.6033297532194415,1.9041497623547912,93.25641025641026,99,487.9327692307692,527.606,32.07692307692308,1965.0,32.07692307692308,0.0,2.0
fp8,2,1024,512,Qwen/Qwen2.5-7B-Instruct,1,1.9132841909304261,1024,535.2053839435274,1.045323015514702,0.5739852572791279,1.307909114893846,1.307909114893846,1.9132841909304261,93.15384615384616,99,480.3593846153845,504.246,31.846153846153847,1965.0,31.846153846153847,0.0,4.0
fp8,4,1024,512,Qwen/Qwen2.5-7B-Instruct,1,1.9628515634685755,2048,1043.3799672456933,2.0378514985267446,0.5888554690405726,0.6708965304824233,0.6708965304824233,1.9628515634685755,97.6,99,484.4301750000001,504.246,32.475,1965.0,32.475,0.0,8.0
fp8,8,1024,512,Qwen/Qwen2.5-7B-Instruct,1,1.958574814721942,4096,2091.3165885784697,4.084602712067324,0.5875724444165825,0.33471737556283193,0.33471737556283193,1.958574814721942,96.8,99,484.44012499999997,494.574,32.525,1965.0,32.525,0.0,16.0
fp8,16,1024,512,Qwen/Qwen2.5-7B-Instruct,1,1.988006154075265,8192,4120.711589955095,8.048264824131046,0.5964018462225794,0.16987357273592354,0.16987357273592354,1.988006154075265,94.8,99,490.61794999999995,503.147,32.225,1965.0,32.225,0.0,32.0
fp8,32,1024,512,Qwen/Qwen2.5-7B-Instruct,1,2.108562706038356,16384,7770.221844994524,15.17621454100493,0.6325688118115067,0.0900875179581817,0.0900875179581817,2.108562706038356,93.79069767441861,99,518.027488372093,536.61,31.558139534883722,1965.0,31.558139534883722,0.0,64.0
fp8,1,2048,512,Qwen/Qwen2.5-7B-Instruct,1,1.9289843114092946,512,265.42465740736816,0.5184075339987659,0.5786952934227884,2.637283238254895,2.637283238254895,1.9289843114092946,99.0,99,492.7545641025642,536.61,34.1025641025641,1965.0,34.1025641025641,0.0,2.0
fp8,2,2048,512,Qwen/Qwen2.5-7B-Instruct,1,1.9371973425149918,1024,528.5987016018609,1.0324193390661345,0.5811592027544975,1.3242559958598576,1.3242559958598576,1.9371973425149918,99.0,99,486.6693333333332,490.304,34.0,1965.0,34.0,0.0,4.0
fp8,4,2048,512,Qwen/Qwen2.5-7B-Instruct,1,1.985371833667159,2048,1031.5448044899283,2.0147359462693912,0.5956115501001477,0.6785938884604549,0.6785938884604549,1.985371833667159,96.3,99,490.04425000000003,493.898,32.15,1965.0,32.15,0.0,8.0
fp8,8,2048,512,Qwen/Qwen2.5-7B-Instruct,1,1.9919959483668208,4096,2056.229081870468,4.016072425528257,0.5975987845100462,0.34042899508222035,0.34042899508222035,1.9919959483668208,96.2,99,497.83885,503.368,32.45,1965.0,32.45,0.0,16.0
fp8,16,2048,512,Qwen/Qwen2.5-7B-Instruct,1,2.044328223913908,8192,4007.1843181405816,7.826531871368323,0.6132984671741724,0.1746862496020185,0.1746862496020185,2.044328223913908,97.4390243902439,99,505.8020975609756,514.3,33.02439024390244,1965.0,33.02439024390244,0.0,32.0
fp8,32,2048,512,Qwen/Qwen2.5-7B-Instruct,1,2.2346893893554807,16384,7331.667693077203,14.319663463041412,0.6704068168066442,0.0954762312346702,0.0954762312346702,2.2346893893554807,95.17777777777778,99,524.1420666666668,546.795,31.4,1965.0,31.4,0.0,64.0
int8,1,128,128,Qwen/Qwen2.5-7B-Instruct,1,0.8598727406933904,128,148.8592368875218,1.162962788183764,0.2579618222080171,4.702429050666979,4.702429050666979,0.8598727406933904,66.66666666666667,100,291.3631111111111,407.181,7.333333333333333,1965.0,7.333333333333333,0.0,2.0
int8,2,128,128,Qwen/Qwen2.5-7B-Instruct,1,1.4009051397442818,256,182.73899690790606,1.427648413343016,0.42027154192328453,3.8305999914882705,3.8305999914882705,1.4009051397442818,99.0,100,586.902,702.12,32.857142857142854,1965.0,32.857142857142854,0.0,4.0
int8,4,128,128,Qwen/Qwen2.5-7B-Instruct,1,1.4032709235325456,512,364.861832033909,2.8504830627649143,0.4209812770597637,1.9185344657671521,1.9185344657671521,1.4032709235325456,98.42857142857143,100,696.7926785714286,701.927,35.57142857142857,1965.0,35.57142857142857,0.0,8.0
int8,8,128,128,Qwen/Qwen2.5-7B-Instruct,1,1.4083454674109817,1024,727.0943271344215,5.680424430737668,0.4225036402232945,0.9627361593629757,0.9627361593629757,1.4083454674109817,98.34482758620689,100,699.9505517241379,703.299,35.44827586206897,1965.0,35.44827586206897,0.0,16.0
int8,16,128,128,Qwen/Qwen2.5-7B-Instruct,1,1.3961239010095596,2048,1466.9185152686364,11.460300900536222,0.4188371703028679,0.4771907864778768,0.4771907864778768,1.3961239010095596,92.71428571428571,100,690.6524285714287,712.059,34.17857142857143,1965.0,34.17857142857143,0.0,32.0
int8,32,128,128,Qwen/Qwen2.5-7B-Instruct,1,1.4174036048352718,4096,2889.790872569447,22.576491191948804,0.4252210814505815,0.24223206137321543,0.24223206137321543,1.4174036048352718,98.06896551724138,100,717.3355172413792,722.784,36.310344827586206,1965.0,36.310344827586206,0.0,64.0
int8,1,512,128,Qwen/Qwen2.5-7B-Instruct,1,0.8543180981650949,128,149.82709634141955,1.1705241901673402,0.25629542944952843,4.6720520993403625,4.6720520993403625,0.8543180981650949,98.58823529411765,100,609.8649411764706,722.546,19.705882352941178,1965.0,19.705882352941178,0.0,2.0
int8,2,512,128,Qwen/Qwen2.5-7B-Instruct,1,1.3968141116201878,256,183.2742079782265,1.4318297498298946,0.4190442334860563,3.8194135864614513,3.8194135864614513,1.3968141116201878,100.0,100,611.2978571428573,707.38,32.214285714285715,1965.0,32.214285714285715,0.0,4.0
int8,4,512,128,Qwen/Qwen2.5-7B-Instruct,1,1.407975697889924,512,363.6426401160997,2.840958125907029,0.4223927093669772,1.9249667744588805,1.9249667744588805,1.407975697889924,98.20689655172414,100,701.4441379310342,707.867,35.206896551724135,1965.0,35.206896551724135,0.0,8.0
int8,8,512,128,Qwen/Qwen2.5-7B-Instruct,1,1.424603178165853,1024,718.7966555840334,5.615598871750261,0.4273809534497559,0.9738498288243136,0.9738498288243136,1.424603178165853,100.0,100,690.1306206896553,708.648,36.0,1965.0,36.0,0.0,16.0
int8,16,512,128,Qwen/Qwen2.5-7B-Instruct,1,1.412346402183175,2048,1450.069187583333,11.328665527994788,0.4237039206549525,0.4827355866837025,0.4827355866837025,1.412346402183175,96.0,100,706.8611379310346,718.784,35.241379310344826,1965.0,35.241379310344826,0.0,32.0
int8,32,512,128,Qwen/Qwen2.5-7B-Instruct,1,1.450613078661263,4096,2823.6337175314197,22.059638418214217,0.4351839235983789,0.2479075085602744,0.2479075085602744,1.450613078661263,93.10344827586206,100,710.5079655172415,730.84,34.37931034482759,1965.0,34.37931034482759,0.0,64.0
int8,1,1024,128,Qwen/Qwen2.5-7B-Instruct,1,0.8791829030960798,128,145.58972831391804,1.1374197524524847,0.26375487092882394,4.8080315013066866,4.8080315013066866,0.8791829030960798,100.0,100,635.0684444444445,729.255,16.77777777777778,1965.0,16.77777777777778,0.0,2.0
int8,2,1024,128,Qwen/Qwen2.5-7B-Instruct,1,1.4212173717096448,256,180.127266311167,1.4072442680559922,0.4263652115128934,3.88614125076856,3.88614125076856,1.4212173717096448,91.86206896551724,100,604.0871724137932,709.772,31.20689655172414,1965.0,31.20689655172414,0.0,4.0
int8,4,1024,128,Qwen/Qwen2.5-7B-Instruct,1,1.4354948094114661,512,356.6714394529321,2.786495620726032,0.43064844282343984,1.9625905597422388,1.9625905597422388,1.4354948094114661,97.24137931034483,100,695.1886896551722,709.534,34.96551724137931,1965.0,34.96551724137931,0.0,8.0
int8,8,1024,128,Qwen/Qwen2.5-7B-Instruct,1,1.445077907294035,1024,708.6123141398516,5.536033704217591,0.43352337218821047,0.9878462256892816,0.9878462256892816,1.445077907294035,98.75862068965517,100,700.2914482758621,711.726,35.48275862068966,1965.0,35.48275862068966,0.0,16.0
int8,16,1024,128,Qwen/Qwen2.5-7B-Instruct,1,1.4403892299160361,2048,1421.8379014951279,11.108108605430687,0.4321167689748108,0.49232053756895766,0.49232053756895766,1.4403892299160361,93.10344827586206,100,705.5469655172415,719.072,34.10344827586207,1965.0,34.10344827586207,0.0,32.0
int8,32,1024,128,Qwen/Qwen2.5-7B-Instruct,1,1.4803760945796967,4096,2766.864457618064,21.616128575141126,0.444112828373909,0.2529939614760224,0.2529939614760224,1.4803760945796967,96.0,100,710.9412666666668,727.667,35.266666666666666,1965.0,35.266666666666666,0.0,64.0
int8,1,2048,128,Qwen/Qwen2.5-7B-Instruct,1,0.8995172772556543,128,142.29854527143314,1.1117073849330714,0.26985518317669627,4.9192351099918605,4.9192351099918605,0.8995172772556543,94.66666666666667,100,628.5826666666667,726.7,17.444444444444443,1965.0,17.444444444444443,0.0,2.0
int8,2,2048,128,Qwen/Qwen2.5-7B-Instruct,1,1.4295344920828938,256,179.07927469941413,1.3990568335891729,0.42886034762486813,3.9088833767891624,3.9088833767891624,1.4295344920828938,99.58620689655173,100,615.5174137931034,713.418,31.620689655172413,1965.0,31.620689655172413,0.0,4.0
int8,4,2048,128,Qwen/Qwen2.5-7B-Instruct,1,1.442677895538509,512,354.8955741148897,2.772621672772576,0.43280336866155267,1.9724111853065551,1.9724111853065551,1.442677895538509,93.65517241379311,100,704.1070689655171,715.566,33.275862068965516,1965.0,33.275862068965516,0.0,8.0
int8,8,2048,128,Qwen/Qwen2.5-7B-Instruct,1,1.453502120450139,1024,704.5053361758252,5.503947938873634,0.4360506361350417,0.9936049651514621,0.9936049651514621,1.453502120450139,100.0,100,708.9691333333332,713.693,36.0,1965.0,36.0,0.0,16.0
int8,16,2048,128,Qwen/Qwen2.5-7B-Instruct,1,1.4654668113216758,2048,1397.5069132769706,10.918022759976333,0.4396400433965027,0.5008919765259634,0.5008919765259634,1.4654668113216758,92.8,100,698.5573333333334,722.794,33.733333333333334,1965.0,33.733333333333334,0.0,32.0
int8,32,2048,128,Qwen/Qwen2.5-7B-Instruct,1,1.561824911274016,4096,2622.5731005012594,20.48885234766609,0.46854747338220476,0.26691343698530545,0.26691343698530545,1.561824911274016,99.625,100,715.3260937499999,734.231,35.5,1965.0,35.5,0.0,64.0
int8,1,128,256,Qwen/Qwen2.5-7B-Instruct,1,1.6886817133054137,256,151.59754380173123,0.5921779054755126,0.5066045139916241,4.617489059819491,4.617489059819491,1.6886817133054137,100.0,100,542.534294117647,728.71,13.823529411764707,1965.0,13.823529411764707,0.0,2.0
int8,2,128,256,Qwen/Qwen2.5-7B-Instruct,1,2.7700757393613458,512,184.83249130149923,0.7220019191464814,0.8310227218084038,3.78721292490809,3.78721292490809,2.7700757393613458,98.5,100,659.9290000000001,714.723,34.857142857142854,1965.0,34.857142857142854,0.0,4.0
int8,4,128,256,Qwen/Qwen2.5-7B-Instruct,1,2.7891117138788104,1024,367.1419810488429,1.4341483634720427,0.836733514163643,1.9066193356593433,1.9066193356593433,2.7891117138788104,97.14285714285714,100,704.6673214285713,713.437,34.964285714285715,1965.0,34.964285714285715,0.0,8.0
int8,8,128,256,Qwen/Qwen2.5-7B-Instruct,1,2.7971644615754485,2048,732.1700343806398,2.860039196799374,0.8391493384726345,0.9560620718275459,0.9560620718275459,2.7971644615754485,98.0,100,707.0496428571429,712.449,35.5,1965.0,35.5,0.0,16.0
int8,16,128,256,Qwen/Qwen2.5-7B-Instruct,1,2.7666391022503376,4096,1480.4966779614958,5.783190148287093,0.8299917306751012,0.47281429970098543,0.47281429970098543,2.7666391022503376,99.07142857142857,100,716.7065,721.991,36.607142857142854,1965.0,36.607142857142854,0.0,32.0
int8,32,128,256,Qwen/Qwen2.5-7B-Instruct,1,2.7972220219671726,8192,2928.619872025353,11.439921375099035,0.8391666065901517,0.23902043644739024,0.23902043644739024,2.7972220219671726,96.78571428571429,100,722.4308571428571,730.649,35.785714285714285,1965.0,35.785714285714285,0.0,64.0
int8,1,512,256,Qwen/Qwen2.5-7B-Instruct,1,1.6929727336391807,256,151.21330362462925,0.590676967283708,0.5078918200917542,4.629222318544635,4.629222318544635,1.6929727336391807,98.23529411764706,100,561.8209411764707,730.079,15.0,1965.0,15.0,0.0,2.0
int8,2,512,256,Qwen/Qwen2.5-7B-Instruct,1,2.774546048603952,512,184.53469181296137,0.7208386398943804,0.8323638145811856,3.7933246758257155,3.7933246758257155,2.774546048603952,100.0,100,662.3720000000001,715.994,35.142857142857146,1965.0,35.142857142857146,0.0,4.0
int8,4,512,256,Qwen/Qwen2.5-7B-Instruct,1,2.793756133876741,1024,366.53163373248753,1.4317641942675294,0.8381268401630223,1.9097942321423034,1.9097942321423034,2.793756133876741,97.71428571428571,100,702.9314285714287,714.298,35.214285714285715,1965.0,35.214285714285715,0.0,8.0
int8,8,512,256,Qwen/Qwen2.5-7B-Instruct,1,2.814107285812497,2048,727.7618768570494,2.8428198314728492,0.8442321857437491,0.9618530762054434,0.9618530762054434,2.814107285812497,100.0,100,710.6837719298245,715.539,36.0,1965.0,36.0,0.0,16.0
int8,16,512,256,Qwen/Qwen2.5-7B-Instruct,1,2.7915983898565173,4096,1467.2597659044095,5.7314834605641,0.8374795169569552,0.47707980295399466,0.47707980295399466,2.7915983898565173,100.0,100,712.866107142857,723.751,36.875,1965.0,36.875,0.0,32.0
int8,32,512,256,Qwen/Qwen2.5-7B-Instruct,1,2.843446087092161,8192,2881.011191732324,11.25394996770439,0.8530338261276483,0.24297024669976963,0.24297024669976963,2.843446087092161,100.0,100,727.8960175438596,732.423,36.85964912280702,1965.0,36.85964912280702,0.0,64.0
int8,1,1024,256,Qwen/Qwen2.5-7B-Instruct,1,1.7186935609206557,256,148.9503456700379,0.5818372877735856,0.5156080682761967,4.699552705642419,4.699552705642419,1.7186935609206557,95.88571428571429,100,553.6145142857143,730.039,13.4,1965.0,13.4,0.0,2.0
int8,2,1024,256,Qwen/Qwen2.5-7B-Instruct,1,2.803401899524033,512,182.63524758506026,0.7134189358791416,0.8410205698572099,3.8327760345055144,3.8327760345055144,2.803401899524033,98.45614035087719,100,655.5847719298246,714.864,34.92982456140351,1965.0,34.92982456140351,0.0,4.0
int8,4,1024,256,Qwen/Qwen2.5-7B-Instruct,1,2.826582184061408,1024,362.2749785143885,1.4151366348218302,0.8479746552184224,1.9322339148857282,1.9322339148857282,2.826582184061408,94.73684210526316,100,701.3856842105264,714.721,34.05263157894737,1965.0,34.05263157894737,0.0,8.0
int8,8,1024,256,Qwen/Qwen2.5-7B-Instruct,1,2.839721410535276,2048,721.1975063476245,2.8171777591704084,0.8519164231605828,0.9706079039915494,0.9706079039915494,2.839721410535276,98.87719298245614,100,704.0040350877193,714.907,35.73684210526316,1965.0,35.73684210526316,0.0,16.0
int8,16,1024,256,Qwen/Qwen2.5-7B-Instruct,1,2.8203667532652617,4096,1452.2933924312795,5.673021064184685,0.8461100259795785,0.48199627130998124,0.48199627130998124,2.8203667532652617,98.87719298245614,100,714.5196315789474,724.736,36.36842105263158,1965.0,36.36842105263158,0.0,32.0
int8,32,1024,256,Qwen/Qwen2.5-7B-Instruct,1,2.88346656691283,8192,2841.0247907853245,11.097753089005174,0.8650399700738489,0.24638996543444588,0.24638996543444588,2.88346656691283,95.51724137931035,100,719.1704655172414,733.576,35.06896551724138,1965.0,35.06896551724138,0.0,64.0
int8,1,2048,256,Qwen/Qwen2.5-7B-Instruct,1,1.7334001418203115,256,147.6866153542392,0.5769008412274969,0.5200200425460935,4.739766012789914,4.739766012789914,1.7334001418203115,100.0,100,559.9738857142856,733.576,14.82857142857143,1965.0,14.82857142857143,0.0,2.0
int8,2,2048,256,Qwen/Qwen2.5-7B-Instruct,1,2.8131162310019135,512,182.0045664510802,0.710955337699532,0.843934869300574,3.8460573470729287,3.8460573470729287,2.8131162310019135,98.03508771929825,100,672.0691578947369,1006.598,34.05263157894737,1965.0,34.05263157894737,0.0,4.0
int8,4,2048,256,Qwen/Qwen2.5-7B-Instruct,1,2.8393579088151455,1024,360.6449179305161,1.4087692106660785,0.8518073726445436,1.9409673204791034,1.9409673204791034,2.8393579088151455,99.78947368421052,100,706.9763333333333,716.217,36.01754385964912,1965.0,36.01754385964912,0.0,8.0
int8,8,2048,256,Qwen/Qwen2.5-7B-Instruct,1,2.85398518294096,2048,717.593073797807,2.803097944522684,0.8561955548822879,0.9754832168255234,0.9754832168255234,2.85398518294096,97.86206896551724,100,713.3990862068965,716.741,35.03448275862069,1965.0,35.03448275862069,0.0,16.0
int8,16,2048,256,Qwen/Qwen2.5-7B-Instruct,1,2.855666236951947,4096,1434.3412920593787,5.602895672106948,0.8566998710855841,0.4880288979165926,0.4880288979165926,2.855666236951947,97.51724137931035,100,713.6496896551724,727.856,35.93103448275862,1965.0,35.93103448275862,0.0,32.0
int8,32,2048,256,Qwen/Qwen2.5-7B-Instruct,1,2.9801140604540706,8192,2748.8880740194927,10.737844039138643,0.8940342181362212,0.2546484182516906,0.2546484182516906,2.9801140604540706,96.8,100,724.9475,738.998,35.266666666666666,1965.0,35.266666666666666,0.0,64.0
int8,1,128,512,Qwen/Qwen2.5-7B-Instruct,1,3.366448862478137,512,152.0890472172812,0.29704892034625235,1.009934658743441,4.602566804169328,4.602566804169328,3.366448862478137,97.43283582089552,100,510.59802985074634,738.998,12.223880597014926,1965.0,12.223880597014926,0.0,2.0
int8,2,128,512,Qwen/Qwen2.5-7B-Instruct,1,5.530536334961653,1024,185.15383282570915,0.3616285797377132,1.6591609004884957,3.7806400727276923,3.7806400727276923,5.530536334961653,100.0,100,685.8353063063062,715.791,36.06306306306306,1965.0,36.06306306306306,0.0,4.0
int8,4,128,512,Qwen/Qwen2.5-7B-Instruct,1,5.562872224487364,2048,368.1551395311312,0.7190530068967407,1.6688616673462093,1.9013723423540796,1.9013723423540796,5.562872224487364,99.25,100,711.5070892857142,717.706,36.0,1965.0,36.0,0.0,8.0
int8,8,128,512,Qwen/Qwen2.5-7B-Instruct,1,5.578683387488127,4096,734.2234207423404,1.4340301186373836,1.673605016246438,0.9533882742289279,0.9533882742289279,5.578683387488127,99.21428571428571,100,710.1540892857143,717.956,36.357142857142854,1965.0,36.357142857142854,0.0,16.0
int8,16,128,512,Qwen/Qwen2.5-7B-Instruct,1,5.523542158305645,8192,1483.106268625441,2.8966919309090646,1.6570626474916934,0.4719823621599062,0.4719823621599062,5.523542158305645,100.0,100,718.1469459459458,725.309,37.0,1965.0,37.0,0.0,32.0
int8,32,128,512,Qwen/Qwen2.5-7B-Instruct,1,5.598947007209063,16384,2926.2645241872046,5.715360398803134,1.6796841021627187,0.2392128237943325,0.2392128237943325,5.598947007209063,98.78571428571429,100,731.074125,738.789,37.017857142857146,1965.0,37.017857142857146,0.0,64.0
int8,1,512,512,Qwen/Qwen2.5-7B-Instruct,1,3.3724013213068247,512,151.820602359863,0.2965246139841074,1.0117203963920474,4.610704931474174,4.610704931474174,3.3724013213068247,98.88235294117646,100,510.45867647058816,735.613,11.852941176470589,1965.0,11.852941176470589,0.0,2.0
int8,2,512,512,Qwen/Qwen2.5-7B-Instruct,1,5.533667216077447,1024,185.0490750554864,0.3614239747177469,1.660100164823234,3.7827803234904422,3.7827803234904422,5.533667216077447,98.95495495495496,100,687.8210720720723,716.394,36.0990990990991,1965.0,36.0990990990991,0.0,4.0
int8,4,512,512,Qwen/Qwen2.5-7B-Instruct,1,5.568779556080699,2048,367.76460252655073,0.7182902393096694,1.6706338668242096,1.9033914498322704,1.9033914498322704,5.568779556080699,100.0,100,711.4465,718.5,36.455357142857146,1965.0,36.455357142857146,0.0,8.0
int8,8,512,512,Qwen/Qwen2.5-7B-Instruct,1,5.592378666624427,4096,732.4253674818403,1.4305182958629694,1.677713599987328,0.955728776034448,0.955728776034448,5.592378666624427,99.92857142857143,100,712.3334642857143,719.828,36.544642857142854,1965.0,36.544642857142854,0.0,16.0
int8,16,512,512,Qwen/Qwen2.5-7B-Instruct,1,5.552614566870034,8192,1475.3410130207844,2.8815254160562196,1.66578437006101,0.47446657675891407,0.47446657675891407,5.552614566870034,99.6036036036036,100,721.8251441441442,725.353,36.81981981981982,1965.0,36.81981981981982,0.0,32.0
int8,32,512,512,Qwen/Qwen2.5-7B-Instruct,1,5.648653615266085,16384,2900.514196112239,5.665066789281717,1.6945960845798254,0.241336519206925,0.241336519206925,5.648653615266085,100.0,100,734.0016902654867,737.781,37.2212389380531,1965.0,37.2212389380531,0.0,64.0
int8,1,1024,512,Qwen/Qwen2.5-7B-Instruct,1,3.406177149154246,512,150.31514145620102,0.2935842606566426,1.0218531447462738,4.6568828211093205,4.6568828211093205,3.406177149154246,97.5072463768116,100,513.5848260869564,735.533,12.347826086956522,1965.0,12.347826086956522,0.0,2.0
int8,2,1024,512,Qwen/Qwen2.5-7B-Instruct,1,5.568883566185832,1024,183.87886689133006,0.35913841189712903,1.6706650698557495,3.8068540003223466,3.8068540003223466,5.568883566185832,97.71428571428571,100,684.4001607142857,716.266,35.392857142857146,1965.0,35.392857142857146,0.0,4.0
int8,4,1024,512,Qwen/Qwen2.5-7B-Instruct,1,5.607266558334231,2048,365.2403499448412,0.713360058486018,1.6821799675002693,1.9165461869306455,1.9165461869306455,5.607266558334231,98.32142857142857,100,709.3774464285715,718.986,35.67857142857143,1965.0,35.67857142857143,0.0,8.0
int8,8,1024,512,Qwen/Qwen2.5-7B-Instruct,1,5.630280047655106,4096,727.4948964050019,1.4208884695410193,1.6890840142965315,0.9622060628316832,0.9622060628316832,5.630280047655106,100.0,100,711.6871946902654,717.152,36.610619469026545,1965.0,36.610619469026545,0.0,16.0
int8,16,1024,512,Qwen/Qwen2.5-7B-Instruct,1,5.588958753272891,8192,1465.7470848577598,2.862787275112812,1.6766876259818673,0.47757215909314255,0.47757215909314255,5.588958753272891,97.71428571428571,100,718.2611607142857,729.043,36.07142857142857,1965.0,36.07142857142857,0.0,32.0
int8,32,1024,512,Qwen/Qwen2.5-7B-Instruct,1,5.694830195978284,16384,2876.995351252169,5.619131545414392,1.708449058793485,0.24330939558012687,0.24330939558012687,5.694830195978284,98.98245614035088,100,728.5645263157895,737.19,36.69298245614035,1965.0,36.69298245614035,0.0,64.0
int8,1,2048,512,Qwen/Qwen2.5-7B-Instruct,1,3.4192552538588643,512,149.7402100712349,0.2924613477953807,1.0257765761576592,4.674763042385167,4.674763042385167,3.4192552538588643,99.18840579710145,100,515.0475362318841,733.295,12.46376811594203,1965.0,12.46376811594203,0.0,2.0
int8,2,2048,512,Qwen/Qwen2.5-7B-Instruct,1,5.584853747859597,1024,183.3530556449127,0.3581114368064701,1.6754561243578792,3.8177711167008965,3.8177711167008965,5.584853747859597,98.14285714285714,100,687.4318392857143,716.255,35.57142857142857,1965.0,35.57142857142857,0.0,4.0
int8,4,2048,512,Qwen/Qwen2.5-7B-Instruct,1,5.632947859354317,2048,363.5751743377142,0.710107762378348,1.6898843578062952,1.9253239753652451,1.9253239753652451,5.632947859354317,98.33628318584071,100,712.994,722.712,35.65486725663717,1965.0,35.65486725663717,0.0,8.0
int8,8,2048,512,Qwen/Qwen2.5-7B-Instruct,1,5.651507871225476,4096,724.7623277417149,1.415551421370537,1.6954523613676429,0.9658338647113851,0.9658338647113851,5.651507871225476,100.0,100,712.7086283185841,717.651,36.50442477876106,1965.0,36.50442477876106,0.0,16.0
int8,16,2048,512,Qwen/Qwen2.5-7B-Instruct,1,5.640490820631385,8192,1452.3558783281567,2.836632574859681,1.6921472461894154,0.4819755339894982,0.4819755339894982,5.640490820631385,98.30088495575221,100,722.8073185840709,728.983,36.2212389380531,1965.0,36.2212389380531,0.0,32.0
int8,32,2048,512,Qwen/Qwen2.5-7B-Instruct,1,5.821072474122047,16384,2814.601617285496,5.497268783760735,1.7463217422366142,0.24870304760042927,0.24870304760042927,5.821072474122047,98.87179487179488,100,737.785735042735,756.448,36.38461538461539,1965.0,36.38461538461539,0.0,64.0
int12,1,128,128,Qwen/Qwen2.5-7B-Instruct,1,0.47911547869443893,128,267.15897459375003,2.087179489013672,0.14373464360833169,2.620162774110213,2.620162774110213,0.47911547869443893,59.4,99,265.6078,353.795,38.4,1965.0,38.4,0.0,1.3333333333333333
int12,2,128,128,Qwen/Qwen2.5-7B-Instruct,1,0.4828281542286277,256,530.2093462403592,4.142260517502806,0.1448484462685883,1.3202332342189038,1.3202332342189038,0.4828281542286277,82.6,99,492.3526,589.344,53.6,1965.0,53.6,0.0,2.6666666666666665
int12,4,128,128,Qwen/Qwen2.5-7B-Instruct,1,0.47602477204054594,512,1075.574276954624,8.402924038708,0.14280743161216378,0.6508151180241839,0.6508151180241839,0.47602477204054594,99.0,99,659.0692000000001,663.823,64.4,1965.0,64.4,0.0,5.333333333333333
int12,8,128,128,Qwen/Qwen2.5-7B-Instruct,1,0.4760966394096613,1024,2150.823835408111,16.803311214125866,0.14282899182289838,0.32545668709644815,0.32545668709644815,0.4760966394096613,83.8,99,665.1646,666.013,54.0,1965.0,54.0,0.0,10.666666666666666
int12,16,128,128,Qwen/Qwen2.5-7B-Instruct,1,0.48470005486160517,2048,4225.2935180392315,33.010105609681496,0.14541001645848153,0.16566896406402523,0.16566896406402523,0.48470005486160517,99.0,99,662.1890000000001,664.051,64.6,1965.0,64.6,0.0,21.333333333333332
int12,32,128,128,Qwen/Qwen2.5-7B-Instruct,1,0.4899355983361602,4096,8360.282481840819,65.3147068893814,0.14698067950084806,0.08372922823127738,0.08372922823127738,0.4899355983361602,81.0,99,667.8348,674.297,53.0,1965.0,53.0,0.0,42.666666666666664
int12,1,512,128,Qwen/Qwen2.5-7B-Instruct,1,0.47026254050433636,128,272.1883819679226,2.1264717341243955,0.1410787621513009,2.5717482683830895,2.5717482683830895,0.47026254050433636,99.0,99,690.1046,695.913,64.4,1965.0,64.4,0.0,1.3333333333333333
int12,2,512,128,Qwen/Qwen2.5-7B-Instruct,1,0.4678433444350958,256,547.1917107405063,4.274935240160206,0.14035300333052872,1.2792591449397153,1.2792591449397153,0.4678433444350958,82.2,99,681.6522,687.997,53.6,1965.0,53.6,0.0,2.6666666666666665
int12,4,512,128,Qwen/Qwen2.5-7B-Instruct,1,0.47620618902146816,512,1075.164522855284,8.399722834806907,0.14286185670644044,0.6510631490527885,0.6510631490527885,0.47620618902146816,93.4,99,662.1263999999999,672.046,60.0,1965.0,60.0,0.0,5.333333333333333
int12,8,512,128,Qwen/Qwen2.5-7B-Instruct,1,0.48311068024486303,1024,2119.5971065698423,16.559352395076893,0.14493320407345892,0.33025144157363684,0.33025144157363684,0.48311068024486303,93.0,99,669.0390000000001,671.814,60.0,1965.0,60.0,0.0,10.666666666666666
int12,16,512,128,Qwen/Qwen2.5-7B-Instruct,1,0.49437526147812605,2048,4142.602107307538,32.36407896334014,0.14831257844343781,0.16897591945053136,0.16897591945053136,0.49437526147812605,84.2,99,674.6946,678.756,53.6,1965.0,53.6,0.0,21.333333333333332
int12,32,512,128,Qwen/Qwen2.5-7B-Instruct,1,0.5243908856064081,4096,7810.967185791885,61.0231811389991,0.15731726568192242,0.0896175829893764,0.0896175829893764,0.5243908856064081,99.0,99,686.1176363636364,695.032,64.0,1965.0,64.0,0.0,42.666666666666664
int12,1,1024,128,Qwen/Qwen2.5-7B-Instruct,1,0.47725902311503887,128,268.19817709166034,2.0952982585285964,0.14317770693451165,2.610010282660369,2.610010282660369,0.47725902311503887,82.6,99,699.4782000000001,702.278,52.0,1965.0,52.0,0.0,1.3333333333333333
int12,2,1024,128,Qwen/Qwen2.5-7B-Instruct,1,0.4767382023856044,256,536.9823494718329,4.1951746052486945,0.1430214607156813,1.303581022148137,1.303581022148137,0.4767382023856044,98.2,99,691.8266000000001,698.967,63.7,1965.0,63.7,0.0,2.6666666666666665
int12,4,1024,128,Qwen/Qwen2.5-7B-Instruct,1,0.4878998175263405,512,1049.3957603752503,8.198404377931643,0.14636994525790215,0.6670505317742936,0.6670505317742936,0.4878998175263405,85.8,99,679.7711999999999,681.826,54.7,1965.0,54.7,0.0,5.333333333333333
int12,8,1024,128,Qwen/Qwen2.5-7B-Instruct,1,0.4972313102334738,1024,2059.4036998981082,16.08909140545397,0.14916939307004212,0.3399042159799137,0.3399042159799137,0.4972313102334738,95.4,99,683.5638000000001,684.859,59.9,1965.0,59.9,0.0,10.666666666666666
int12,16,1024,128,Qwen/Qwen2.5-7B-Instruct,1,0.5107057886198163,2048,4010.1366493901023,31.329192573360174,0.1532117365859449,0.17455764259466378,0.17455764259466378,0.5107057886198163,94.27272727272727,99,691.121,696.977,60.09090909090909,1965.0,60.09090909090909,0.0,21.333333333333332
int12,32,1024,128,Qwen/Qwen2.5-7B-Instruct,1,0.5605193208903074,4096,7307.5090319706915,57.08991431227103,0.16815579626709223,0.09579187612871465,0.09579187612871465,0.5605193208903074,76.0,99,684.9515833333334,699.204,46.916666666666664,1965.0,46.916666666666664,0.0,42.666666666666664
int12,1,2048,128,Qwen/Qwen2.5-7B-Instruct,1,0.5021613985300064,128,254.8981271254593,1.9913916181676508,0.1506484195590019,2.746195148210973,2.746195148210973,0.5021613985300064,77.18181818181819,99,682.1185454545454,699.204,46.27272727272727,1965.0,46.27272727272727,0.0,1.3333333333333333
int12,2,2048,128,Qwen/Qwen2.5-7B-Instruct,1,0.49000285752117634,256,522.4459328564967,4.0816088504413806,0.1470008572563529,1.3398515635344665,1.3398515635344665,0.49000285752117634,95.4,99,677.8308000000001,698.066,57.8,1965.0,57.8,0.0,2.6666666666666665
int12,4,2048,128,Qwen/Qwen2.5-7B-Instruct,1,0.5006872015073895,512,1022.5945429772354,7.9890198670096515,0.15020616045221685,0.6845332833108841,0.6845332833108841,0.5006872015073895,95.8,99,687.9504,690.838,61.8,1965.0,61.8,0.0,5.333333333333333
int12,8,2048,128,Qwen/Qwen2.5-7B-Instruct,1,0.5146571872755885,1024,1989.6739525210764,15.54432775407091,0.15439715618267655,0.35181643661417183,0.35181643661417183,0.5146571872755885,93.54545454545455,99,713.2643636363638,719.086,56.09090909090909,1965.0,56.09090909090909,0.0,10.666666666666666
int12,16,2048,128,Qwen/Qwen2.5-7B-Instruct,1,0.5513824941590428,2048,3714.3000035276186,29.01796877755952,0.16541474824771285,0.1884608134332666,0.1884608134332666,0.5513824941590428,83.33333333333333,99,694.0543333333334,718.364,50.0,1965.0,50.0,0.0,21.333333333333332
int12,32,2048,128,Qwen/Qwen2.5-7B-Instruct,1,0.6347656585276127,4096,6452.775043787,50.41230502958594,0.1904296975582838,0.10848045922102757,0.10848045922102757,0.6347656585276127,79.3076923076923,99,681.3558461538461,712.749,46.38461538461539,1959.1538461538462,46.38461538461539,0.0,42.666666666666664
int12,1,128,256,Qwen/Qwen2.5-7B-Instruct,1,0.9272361574694514,256,276.08931978953177,1.0784739054278585,0.2781708472408354,2.5354113680805312,2.5354113680805312,0.9272361574694514,99.0,99,706.6231052631579,717.405,63.578947368421055,1965.0,63.578947368421055,0.0,1.3333333333333333
int12,2,128,256,Qwen/Qwen2.5-7B-Instruct,1,0.9203627435490489,512,556.3023966242436,2.1730562368134514,0.2761088230647147,1.2583084384459653,1.2583084384459653,0.9203627435490489,91.84210526315789,99,687.3178421052631,693.143,60.10526315789474,1965.0,60.10526315789474,0.0,2.6666666666666665
int12,4,128,256,Qwen/Qwen2.5-7B-Instruct,1,0.9364254465326667,1024,1093.520048810718,4.271562690666867,0.28092763395979997,0.6401345825906902,0.6401345825906902,0.9364254465326667,89.94736842105263,99,684.2978947368422,692.649,58.21052631578947,1965.0,58.21052631578947,0.0,5.333333333333333
int12,8,128,256,Qwen/Qwen2.5-7B-Instruct,1,0.9351875716820359,2048,2189.9350055694717,8.554433615505749,0.28055627150461077,0.31964418953975837,0.31964418953975837,0.9351875716820359,98.57894736842105,99,691.5347368421053,695.319,63.578947368421055,1965.0,63.578947368421055,0.0,10.666666666666666
int12,16,128,256,Qwen/Qwen2.5-7B-Instruct,1,0.9342210460454226,4096,4384.401333430085,17.12656770871127,0.28026631381362677,0.15965691704877827,0.15965691704877827,0.9342210460454226,99.0,99,698.3096315789473,706.693,64.57894736842105,1965.0,64.57894736842105,0.0,21.333333333333332
int12,32,128,256,Qwen/Qwen2.5-7B-Instruct,1,0.9582090126350522,8192,8549.282976865552,33.39563662838106,0.28746270379051564,0.08187821152887409,0.08187821152887409,0.9582090126350522,94.4,99,722.21875,739.186,61.8,1965.0,61.8,0.0,42.666666666666664
int12,1,512,256,Qwen/Qwen2.5-7B-Instruct,1,0.9321496719494462,256,274.6340075029107,1.072789091808245,0.27964490158483385,2.548846759236767,2.548846759236767,0.9321496719494462,89.52631578947368,99,706.281052631579,739.186,58.1578947368421,1965.0,58.1578947368421,0.0,1.3333333333333333
int12,2,512,256,Qwen/Qwen2.5-7B-Instruct,1,0.9228790709748864,512,554.7855792841277,2.167131169078624,0.2768637212924659,1.2617487298484777,1.2617487298484777,0.9228790709748864,92.47368421052632,99,689.5695789473685,697.276,60.26315789473684,1965.0,60.26315789473684,0.0,2.6666666666666665
int12,4,512,256,Qwen/Qwen2.5-7B-Instruct,1,0.9391727186739445,1024,1090.321279184756,4.259067496815453,0.2817518156021833,0.6420126006560167,0.6420126006560167,0.9391727186739445,94.15789473684211,99,695.3716842105263,697.276,60.578947368421055,1965.0,60.578947368421055,0.0,5.333333333333333
int12,8,512,256,Qwen/Qwen2.5-7B-Instruct,1,0.9492774689570069,2048,2157.430326720158,8.427462213750617,0.2847832406871021,0.3244600723974145,0.3244600723974145,0.9492774689570069,99.0,99,700.0394736842104,701.035,64.0,1965.0,64.0,0.0,10.666666666666666
int12,16,512,256,Qwen/Qwen2.5-7B-Instruct,1,0.9560537980869412,4096,4284.277734366074,16.735459899867475,0.28681613942608236,0.16338810025899875,0.16338810025899875,0.9560537980869412,99.0,99,710.3820499999999,724.149,64.35,1965.0,64.35,0.0,21.333333333333332
int12,32,512,256,Qwen/Qwen2.5-7B-Instruct,1,0.9952588947489858,8192,8231.024151827454,32.15243809307599,0.29857766842469574,0.08504409501028931,0.08504409501028931,0.9952588947489858,94.0,99,712.86745,728.88,60.65,1965.0,60.65,0.0,42.666666666666664
int12,1,1024,256,Qwen/Qwen2.5-7B-Instruct,1,0.9399465778842568,256,272.3559040730114,1.0638902502852008,0.28198397336527703,2.570166423902265,2.570166423902265,0.9399465778842568,99.0,99,742.326947368421,759.548,64.21052631578948,1965.0,64.21052631578948,0.0,1.3333333333333333
int12,2,1024,256,Qwen/Qwen2.5-7B-Instruct,1,0.9348056986927986,512,547.7074013519215,2.1394820365309433,0.2804417096078396,1.2780546661815606,1.2780546661815606,0.9348056986927986,94.57894736842105,99,699.6733684210526,710.126,61.31578947368421,1965.0,61.31578947368421,0.0,2.6666666666666665
int12,4,1024,256,Qwen/Qwen2.5-7B-Instruct,1,0.9528774349018931,1024,1074.6397831379327,4.1978116528825495,0.28586323047056794,0.651381059014966,0.651381059014966,0.9528774349018931,92.89473684210526,99,700.089052631579,703.588,59.10526315789474,1965.0,59.10526315789474,0.0,5.333333333333333
int12,8,1024,256,Qwen/Qwen2.5-7B-Instruct,1,0.9635829394683242,2048,2125.400851461758,8.302347076022492,0.28907488184049723,0.32934963751358737,0.32934963751358737,0.9635829394683242,96.2,99,706.5646999999999,710.061,61.0,1965.0,61.0,0.0,10.666666666666666
int12,16,1024,256,Qwen/Qwen2.5-7B-Instruct,1,0.9770650872960687,4096,4192.146514348677,16.375572321674518,0.2931195261888206,0.16697889675469924,0.16697889675469924,0.9770650872960687,95.0,99,704.2283,710.02,60.4,1965.0,60.4,0.0,21.333333333333332
int12,32,1024,256,Qwen/Qwen2.5-7B-Instruct,1,1.0422529308125377,8192,7859.896343600145,30.702720092188066,0.3126758792437613,0.08905969867782915,0.08905969867782915,1.0422529308125377,90.23809523809524,99,718.9527619047619,736.374,56.38095238095238,1965.0,56.38095238095238,0.0,42.666666666666664
int12,1,2048,256,Qwen/Qwen2.5-7B-Instruct,1,0.9600767344236374,256,266.64535325260687,1.0415834111429956,0.2880230203270912,2.6252098206896335,2.6252098206896335,0.9600767344236374,94.8,99,734.7123,758.238,59.4,1965.0,59.4,0.0,1.3333333333333333
int12,2,2048,256,Qwen/Qwen2.5-7B-Instruct,1,0.9503661477938294,512,538.7397280390844,2.1044520626526735,0.28510984433814884,1.2993287176868762,1.2993287176868762,0.9503661477938294,87.84210526315789,99,691.5215789473685,697.242,55.36842105263158,1965.0,55.36842105263158,0.0,2.6666666666666665
int12,4,2048,256,Qwen/Qwen2.5-7B-Instruct,1,0.97018863260746,1024,1055.4648504259605,4.122909571976408,0.291056589782238,0.663214885571506,0.663214885571506,0.97018863260746,96.6,99,716.4481499999999,719.647,60.2,1965.0,60.2,0.0,5.333333333333333
int12,8,2048,256,Qwen/Qwen2.5-7B-Instruct,1,0.9861066676676273,2048,2076.854428785071,8.112712612441683,0.29583200030028817,0.3370481774254586,0.3370481774254586,0.9861066676676273,91.6,99,704.6591000000001,718.668,57.0,1965.0,57.0,0.0,10.666666666666666
int12,16,2048,256,Qwen/Qwen2.5-7B-Instruct,1,1.0277645466849208,4096,3985.348602665607,15.567767979162527,0.3083293640054762,0.17564335514634877,0.17564335514634877,1.0277645466849208,90.23809523809524,99,721.2149523809524,730.709,55.23809523809524,1965.0,55.23809523809524,0.0,21.333333333333332
int12,32,2048,256,Qwen/Qwen2.5-7B-Instruct,1,1.1258395425975323,8192,7276.347729890044,28.423233319882986,0.33775186277925967,0.09620210935281648,0.09620210935281648,1.1258395425975323,92.21739130434783,99,725.5981304347825,758.354,56.0,1965.0,56.0,0.0,42.666666666666664
int12,1,128,512,Qwen/Qwen2.5-7B-Instruct,1,1.8500038320198655,512,276.75618349449024,0.5405394208876763,0.5550011496059596,2.5293021140896603,2.5293021140896603,1.8500038320198655,99.0,99,714.3851081081082,775.96,63.78378378378378,1965.0,63.78378378378378,0.0,1.3333333333333333
int12,2,128,512,Qwen/Qwen2.5-7B-Instruct,1,1.828902743756771,1024,559.898553105448,1.093551861534078,0.5486708231270313,1.2502264849899802,1.2502264849899802,1.828902743756771,97.37837837837837,99,707.820135135135,716.878,63.729729729729726,1965.0,63.729729729729726,0.0,2.6666666666666665
int12,4,128,512,Qwen/Qwen2.5-7B-Instruct,1,1.8633291851729155,2048,1099.1079924559585,2.146695297765544,0.5589987555518746,0.6368800925883988,0.6368800925883988,1.8633291851729155,95.10526315789474,99,704.4978421052632,716.227,61.526315789473685,1965.0,61.526315789473685,0.0,5.333333333333333
int12,8,128,512,Qwen/Qwen2.5-7B-Instruct,1,1.85886871535331,4096,2203.490739377732,4.303692850347133,0.557660614605993,0.31767775897151296,0.31767775897151296,1.85886871535331,99.0,99,700.9971891891892,715.613,64.02702702702703,1965.0,64.02702702702703,0.0,10.666666666666666
int12,16,128,512,Qwen/Qwen2.5-7B-Instruct,1,1.8609247216954827,8192,4402.1125113197995,8.597875998671483,0.5582774165086448,0.15901456362144017,0.15901456362144017,1.8609247216954827,97.10526315789474,99,721.9244210526316,732.222,63.63157894736842,1965.0,63.63157894736842,0.0,21.333333333333332
int12,32,128,512,Qwen/Qwen2.5-7B-Instruct,1,1.8976919446140528,16384,8633.645753990979,16.86258936326363,0.5693075833842158,0.08107814704771954,0.08107814704771954,1.8976919446140528,98.57894736842105,99,731.1691315789474,757.779,65.13157894736842,1965.0,65.13157894736842,0.0,42.666666666666664
int12,1,512,512,Qwen/Qwen2.5-7B-Instruct,1,1.855241701938212,512,275.97482283041734,0.5390133258406589,0.5565725105814635,2.5364632643686496,2.5364632643686496,1.855241701938212,97.63157894736842,99,719.222947368421,757.779,63.21052631578947,1965.0,63.21052631578947,0.0,1.3333333333333333
int12,2,512,512,Qwen/Qwen2.5-7B-Instruct,1,1.831415860913694,1024,559.1302455408058,1.0920512608218864,0.5494247582741082,1.2519444361714704,1.2519444361714704,1.831415860913694,99.0,99,699.5056486486485,720.262,64.86486486486487,1965.0,64.86486486486487,0.0,2.6666666666666665
int12,4,512,512,Qwen/Qwen2.5-7B-Instruct,1,1.8649214887991548,2048,1098.1695542147095,2.1448624105756045,0.5594764466397464,0.6374243369918986,0.6374243369918986,1.8649214887991548,97.52631578947368,99,706.7500526315789,721.031,62.94736842105263,1965.0,62.94736842105263,0.0,5.333333333333333
int12,8,512,512,Qwen/Qwen2.5-7B-Instruct,1,1.8759189378470182,4096,2183.463217606277,4.2645765968872595,0.5627756813541055,0.32059161535471503,0.32059161535471503,1.8759189378470182,95.84210526315789,99,704.3637894736843,719.899,61.89473684210526,1965.0,61.89473684210526,0.0,10.666666666666666
int12,16,512,512,Qwen/Qwen2.5-7B-Instruct,1,1.884682323783636,8192,4346.621123688351,8.48949438220381,0.5654046971350908,0.16104463215924625,0.16104463215924625,1.884682323783636,95.42105263157895,99,719.538105263158,737.248,62.10526315789474,1965.0,62.10526315789474,0.0,21.333333333333332
int12,32,512,512,Qwen/Qwen2.5-7B-Instruct,1,1.948406078852713,16384,8408.924698924902,16.4236810525877,0.584521823655814,0.08324488862285762,0.08324488862285762,1.948406078852713,93.46153846153847,99,745.1444102564101,771.798,60.666666666666664,1965.0,60.666666666666664,0.0,42.666666666666664
int12,1,1024,512,Qwen/Qwen2.5-7B-Instruct,1,1.8666102765128016,512,274.29400043619046,0.5357304696019345,0.5599830829538405,2.552006237419846,2.552006237419846,1.8666102765128016,98.89473684210526,99,723.603447368421,771.798,64.05263157894737,1965.0,64.05263157894737,0.0,1.3333333333333333
int12,2,1024,512,Qwen/Qwen2.5-7B-Instruct,1,1.8508369289338589,1024,553.2632205419937,1.0805922276210815,0.5552510786801577,1.26522055688838,1.26522055688838,1.8508369289338589,93.5945945945946,99,702.9858648648649,721.123,61.2972972972973,1965.0,61.2972972972973,0.0,2.6666666666666665
int12,4,1024,512,Qwen/Qwen2.5-7B-Instruct,1,1.884174482896924,2048,1086.9481667383552,2.12294563816085,0.5652523448690772,0.6440049502089096,0.6440049502089096,1.884174482896924,99.0,99,712.4966315789475,721.866,64.10526315789474,1965.0,64.10526315789474,0.0,5.333333333333333
int12,8,1024,512,Qwen/Qwen2.5-7B-Instruct,1,1.8968864623457193,4096,2159.3279731327843,4.217437447524969,0.5690659387037158,0.324174932529786,0.324174932529786,1.8968864623457193,95.3157894736842,99,711.1485789473683,723.19,61.05263157894737,1965.0,61.05263157894737,0.0,10.666666666666666
int12,16,1024,512,Qwen/Qwen2.5-7B-Instruct,1,1.9148680604994297,8192,4278.1015407732,8.355667071822657,0.5744604181498288,0.16362397977900403,0.16362397977900403,1.9148680604994297,98.8974358974359,99,730.2788205128206,742.324,64.28205128205128,1965.0,64.28205128205128,0.0,21.333333333333332
int12,32,1024,512,Qwen/Qwen2.5-7B-Instruct,1,2.020213526673615,16384,8110.033807652548,15.839909780571382,0.6060640580020845,0.08631283378122134,0.08631283378122134,2.020213526673615,95.78048780487805,99,737.5658048780488,766.425,61.78048780487805,1965.0,61.78048780487805,0.0,42.666666666666664
int12,1,2048,512,Qwen/Qwen2.5-7B-Instruct,1,1.8948087422177196,512,270.21196841257216,0.527757750805805,0.5684426226653159,2.5905588272507885,2.5905588272507885,1.8948087422177196,99.0,99,715.2941842105264,767.78,63.68421052631579,1959.4736842105262,63.68421052631579,0.0,1.3333333333333333
int12,2,2048,512,Qwen/Qwen2.5-7B-Instruct,1,1.8680946482345462,1024,548.1520976293879,1.0706095656823982,0.5604283944703639,1.2770178259415843,1.2770178259415843,1.8680946482345462,94.78947368421052,99,707.6765526315789,723.331,62.10526315789474,1965.0,62.10526315789474,0.0,2.6666666666666665
int12,4,2048,512,Qwen/Qwen2.5-7B-Instruct,1,1.9108283193781972,2048,1071.7865018174107,2.0933330113621302,0.5732484958134592,0.6531151482249697,0.6531151482249697,1.9108283193781972,98.07692307692308,99,714.1205384615384,723.331,61.84615384615385,1965.0,61.84615384615385,0.0,5.333333333333333
int12,8,2048,512,Qwen/Qwen2.5-7B-Instruct,1,1.9280267674475908,4096,2124.4518329081448,4.14931998614872,0.5784080302342772,0.32949676201496914,0.32949676201496914,1.9280267674475908,98.8974358974359,99,714.5751282051282,728.828,63.38461538461539,1965.0,63.38461538461539,0.0,10.666666666666666
int12,16,2048,512,Qwen/Qwen2.5-7B-Instruct,1,1.9781905319541693,8192,4141.158229034428,8.088199666082867,0.5934571595862508,0.16903483549413068,0.16903483549413068,1.9781905319541693,97.4,99,736.70545,755.7,62.5,1965.0,62.5,0.0,21.333333333333332
int12,32,2048,512,Qwen/Qwen2.5-7B-Instruct,1,2.144303130917251,16384,7640.710757621078,14.923263198478669,0.6432909392751753,0.09161451365002904,0.09161451365002904,2.144303130917251,94.72093023255815,99,752.7216744186047,775.211,59.23255813953488,1964.6279069767443,59.23255813953488,0.0,42.666666666666664
