dtype,batch_size,seq_len,n_layers,num_gpus,tokens_per_sec,scaled_tokens_per_sec,mfu_pct,loss,mem_alloc_GB,mem_reserved_GB,mean_power_W,mean_gpu_util,mean_mem_bw_util,arith_intensity,error
fp32,1,128,8.0,1.0,1886.99798773967,7521.500863884039,451.29005183304236,0.01143190823495388,24.101568512,40.273707008,256.695,28.3125,10.6875,1.5,
fp32,2,128,8.0,1.0,2846.9888361910917,11347.987189180687,680.8792313508413,5.3291736548999324e-05,24.101568512,40.80009216,571.8194615384616,99.0,32.61538461538461,1.5,
fp32,4,128,8.0,1.0,3724.490527115462,14845.674928770324,890.7404957262194,0.13655167818069458,24.101568512,40.80009216,713.2277500000001,94.6,24.5,1.5,
fp32,8,128,8.0,1.0,4416.755534206456,17605.01642393992,1056.3009854363954,0.9988348484039307,24.101568512,41.32438016,749.4276363636363,95.54545454545455,16.242424242424242,1.5,
fp32,1,512,8.0,1.0,3667.968184489188,14620.379061125273,877.2227436675163,0.2981528639793396,24.101568512,41.32438016,738.284,92.2,25.3,1.5,
fp32,2,512,8.0,1.0,4326.177659769835,17243.97652604374,1034.6385915626247,1.5325467586517334,24.101568512,41.32438016,751.5789411764706,96.82352941176471,11.911764705882353,1.5,
fp32,4,512,8.0,1.0,4896.649431897342,19517.854905754266,1171.0712943452559,4.899278163909912,24.101568512,41.32438016,768.3893559322033,96.88135593220339,8.661016949152541,1.5,
fp32,8,512,8.0,1.0,5107.0168808762655,20356.371406306225,1221.3822843783735,7.712357044219971,24.101568512,41.850765312,768.5194867256638,97.73451327433628,12.008849557522124,1.5,
fp32,1,1024,8.0,1.0,4224.061097599654,16836.94386592951,1010.2166319557706,3.7342896461486816,24.101568512,41.850765312,762.2605294117648,99.6470588235294,16.352941176470587,1.5,
fp32,2,1024,8.0,1.0,4777.635173422371,19043.468682901806,1142.6081209741085,5.289904594421387,24.101568512,41.850765312,771.4792333333335,97.6,11.133333333333333,1.5,
fp32,4,1024,8.0,1.0,4979.602842073805,19848.5039845335,1190.9102390720102,8.256603240966797,24.101568512,41.850765312,773.1158103448275,99.58620689655173,7.844827586206897,1.5,
fp32,8,1024,8.0,1.0,5225.449186159713,20828.437986286128,1249.7062791771677,9.69596004486084,24.101568512,60.20923392,788.0923727272726,99.89090909090909,8.113636363636363,1.5,
fp32,1,2048,8.0,1.0,4559.397431000579,18173.581497635732,1090.4148898581439,8.498903274536133,24.101568512,60.20923392,763.339365079365,97.84126984126983,10.158730158730158,1.5,
fp32,2,2048,8.0,1.0,4741.202462802548,18898.249310024323,1133.8949586014594,9.33344554901123,24.101568512,60.20923392,765.577173553719,99.93388429752066,7.710743801652892,1.5,
fp32,4,2048,8.0,1.0,4967.942969020885,19802.02818232803,1188.121690939682,9.817113876342773,24.101568512,60.20923392,782.2041861471862,99.72294372294373,7.961038961038961,1.5,
fp16,1,128,,,,,,,,,,,,,Attempting to unscale FP16 gradients.
fp16,2,128,,,,,,,,,,,,,Attempting to unscale FP16 gradients.
fp16,4,128,,,,,,,,,,,,,Attempting to unscale FP16 gradients.
fp16,8,128,,,,,,,,,,,,,Attempting to unscale FP16 gradients.
fp16,1,512,,,,,,,,,,,,,Attempting to unscale FP16 gradients.
fp16,2,512,,,,,,,,,,,,,Attempting to unscale FP16 gradients.
fp16,4,512,,,,,,,,,,,,,Attempting to unscale FP16 gradients.
fp16,8,512,,,,,,,,,,,,,Attempting to unscale FP16 gradients.
fp16,1,1024,,,,,,,,,,,,,Attempting to unscale FP16 gradients.
fp16,2,1024,,,,,,,,,,,,,Attempting to unscale FP16 gradients.
fp16,4,1024,,,,,,,,,,,,,Attempting to unscale FP16 gradients.
fp16,8,1024,,,,,,,,,,,,,Attempting to unscale FP16 gradients.
fp16,1,2048,,,,,,,,,,,,,Attempting to unscale FP16 gradients.
fp16,2,2048,,,,,,,,,,,,,Attempting to unscale FP16 gradients.
fp16,4,2048,,,,,,,,,,,,,Attempting to unscale FP16 gradients.
fp16,8,2048,,,,,,,,,,,,,Attempting to unscale FP16 gradients.
bf16,1,128,8.0,1.0,4392.028574632775,17506.455721171264,37.347105538498695,3.91155481338501e-08,12.059303936,20.346568704,205.873,11.777777777777779,4.222222222222222,3.0,
bf16,2,128,8.0,1.0,8608.65718388047,34313.77397651545,73.20271781656629,0.006238543428480625,12.059303936,20.346568704,286.581,81.2,45.2,3.0,
bf16,4,128,8.0,1.0,16541.763223846665,65934.82726887398,140.6609648402645,0.0439746230840683,12.059303936,20.608712704,395.06475,93.5,49.75,3.0,
bf16,8,128,8.0,1.0,29795.402776932522,118763.32099056193,253.36175144653214,0.9812946319580078,12.059303936,20.870856704,539.1281666666666,71.0,36.5,3.0,
bf16,1,512,8.0,1.0,16212.575457290945,64622.697586375085,137.86175485093352,0.16013942658901215,12.059303936,20.870856704,649.0648,89.0,43.0,3.0,
bf16,2,512,8.0,1.0,29388.35343814012,117140.83809801903,249.90045460910727,1.7225885391235352,12.059303936,20.870856704,684.1424,93.8,47.8,3.0,
bf16,4,512,8.0,1.0,46258.023684934684,184382.69005499594,393.34973878399126,5.120105743408203,12.059303936,21.133000704,750.9312857142857,71.28571428571429,33.857142857142854,3.0,
bf16,8,512,8.0,1.0,62839.50205213526,250475.82034644153,534.3484167390752,7.6244049072265625,12.059303936,21.657288704,810.6859000000001,79.8,34.0,3.0,
bf16,1,1024,8.0,1.0,28704.097100284038,114413.41884810901,244.08196020929918,5.8888397216796875,12.059303936,21.657288704,819.0044,33.4,12.0,3.0,
bf16,2,1024,8.0,1.0,44429.69877144434,177095.05779167233,377.8027899555677,5.7318572998046875,12.059303936,21.657288704,803.1859999999999,98.0,44.42857142857143,3.0,
bf16,4,1024,8.0,1.0,58729.92738143978,234095.21494216254,499.4031252099468,8.683670043945312,12.059303936,21.657288704,804.6947142857144,89.0,36.285714285714285,3.0,
bf16,8,1024,8.0,1.0,73820.62023885743,294246.13195487036,627.7250815037233,9.344829559326172,12.059303936,30.81764864,869.2024374999999,87.0,29.625,3.0,
bf16,1,2048,8.0,1.0,41835.35112322335,166754.0885886878,355.74205565586726,8.582412719726562,12.059303936,30.81764864,876.5678571428571,98.42857142857143,35.857142857142854,3.0,
bf16,2,2048,8.0,1.0,56010.020943909505,223253.77326999998,476.2747163093333,9.222328186035156,12.059303936,30.81764864,871.3907272727273,98.27272727272727,37.54545454545455,3.0,
bf16,4,2048,8.0,1.0,66323.691020289,264363.6625721212,563.9758134871919,9.769367218017578,12.059303936,30.81764864,921.8681764705883,89.11764705882354,28.764705882352942,3.0,
bf16,8,2048,8.0,1.0,75394.87325587696,300521.0434833494,641.1115594311452,10.270572662353516,12.059303936,52.275707904,934.9633666666666,96.03333333333333,29.633333333333333,3.0,
int8,1,128,8.0,1.0,4418.949997013714,17613.76346766111,18.78801436550518,3.166496753692627e-08,12.059304448,20.54160384,222.62750000000003,18.0,4.666666666666667,6.0,
int8,2,128,8.0,1.0,8650.568971022532,34480.83273611357,36.779554918521136,0.005524568725377321,12.059304448,20.54160384,331.21500000000003,68.2,37.4,6.0,
int8,4,128,8.0,1.0,16547.74312144608,65958.662909003,70.35590710293653,0.03870078921318054,12.059304448,20.54160384,428.706,96.5,53.0,6.0,
int8,8,128,8.0,1.0,29461.095930996504,117430.78685600142,125.25950597973484,1.1428885459899902,12.059304448,20.80374784,548.5516,95.0,49.6,6.0,
int8,1,512,8.0,1.0,16368.468350892541,65244.08061991097,69.59368599457171,0.19936563074588776,12.059304448,20.80374784,673.1456000000001,91.4,46.0,6.0,
int8,2,512,8.0,1.0,29366.475896969958,117053.6350666008,124.8572107377075,1.3832197189331055,12.059304448,20.80374784,708.2378,72.2,36.4,6.0,
int8,4,512,8.0,1.0,46162.10657930484,184000.368188442,196.26705940100481,5.145759582519531,12.059304448,20.80374784,761.035857142857,92.71428571428571,43.42857142857143,6.0,
int8,8,512,8.0,1.0,63521.70485253262,253195.05427560917,270.0747245606498,7.746147155761719,12.059304448,21.85232384,838.3696,82.2,36.4,6.0,
int8,1,1024,8.0,1.0,28775.47567794801,114697.93109298186,122.34445983251399,5.987518310546875,12.059304448,21.85232384,912.681,98.0,42.666666666666664,6.0,
int8,2,1024,8.0,1.0,44852.5180880093,178780.39920457953,190.69909248488483,5.383003234863281,12.059304448,21.85232384,874.691,90.57142857142857,39.0,6.0,
int8,4,1024,8.0,1.0,59309.4678842911,236405.24093115333,252.16559032656355,8.987274169921875,12.059304448,21.85232384,845.5021999999999,98.3,39.8,6.0,
int8,8,1024,8.0,1.0,74322.57696152,296246.9120021566,315.9967061356337,9.43100357055664,12.059304448,30.844911616,891.7126874999999,89.75,30.375,6.0,
int8,1,2048,8.0,1.0,41271.15121883043,164505.20963075216,175.47222360613566,8.363296508789062,12.059304448,30.844911616,915.12,84.71428571428571,31.0,6.0,
int8,2,2048,8.0,1.0,56521.994472659775,225294.47991823207,240.3141119127809,9.284980773925781,12.059304448,30.844911616,899.4538181818182,96.0909090909091,32.90909090909091,6.0,
int8,4,2048,8.0,1.0,67113.74566067795,267512.78975657525,285.346975740347,9.689685821533203,12.059304448,30.844911616,904.1895555555556,98.33333333333333,29.61111111111111,6.0,
int8,8,2048,8.0,1.0,75855.06190107732,302355.33759225317,322.51236009840335,10.12142562866211,12.059304448,52.168753152,920.4060000000001,93.93333333333334,26.666666666666668,6.0,
int4,1,128,8.0,1.0,4420.148100273805,17618.53906083309,9.396554165777648,2.421438694000244e-08,12.059304448,20.329791488,220.62457142857141,30.857142857142858,13.571428571428571,12.0,
int4,2,128,8.0,1.0,8589.539526866387,34237.571736406484,18.260038259416792,5.508307367563248e-05,12.059304448,20.591935488,314.276,86.0,47.0,12.0,
int4,4,128,8.0,1.0,16510.453863987976,65810.02937361662,35.09868233259554,0.12299346923828125,12.059304448,20.591935488,422.0406,63.2,33.8,12.0,
int4,8,128,8.0,1.0,29850.398545872285,118982.53199464249,63.45735039714267,1.032597541809082,12.059304448,20.591935488,532.799,75.6,41.0,12.0,
int4,1,512,8.0,1.0,16227.160520869136,64680.83308467235,34.49644431182526,0.19139182567596436,12.059304448,20.591935488,656.9852500000001,98.0,48.0,12.0,
int4,2,512,8.0,1.0,29355.821067090725,117011.16532754336,62.40595484135647,1.6456475257873535,12.059304448,20.591935488,711.5084,93.8,48.0,12.0,
int4,4,512,8.0,1.0,44623.19711562276,177866.3346941143,94.8620451701943,5.2665863037109375,12.059304448,20.854079488,776.303,91.28571428571429,43.42857142857143,12.0,
int4,8,512,8.0,1.0,62311.637843966346,248371.77406576063,132.46494616840567,7.808326721191406,12.059304448,21.902655488,844.6139,97.0,37.6,12.0,
int4,1,1024,8.0,1.0,28758.224216560367,114629.16743633068,61.135555966043015,6.56683349609375,12.059304448,21.902655488,851.3268333333332,76.33333333333333,29.333333333333332,12.0,
int4,2,1024,8.0,1.0,44860.53605688757,178812.35851785718,95.36659120952385,6.5465850830078125,12.059304448,21.902655488,820.7358571428573,89.0,40.142857142857146,12.0,
int4,4,1024,8.0,1.0,60800.24467684073,242347.41946333693,129.25195704711302,8.70489501953125,12.059304448,21.902655488,825.9069999999999,96.4,38.9,12.0,
int4,8,1024,8.0,1.0,73705.84407765645,293788.63862353907,156.68727393255415,9.19656753540039,12.059304448,30.895243264,910.8597500000001,89.75,31.25,12.0,
int4,1,2048,8.0,1.0,41365.74435272704,164882.25419727716,87.93720223854783,8.294082641601562,12.059304448,30.895243264,906.1547499999999,98.375,36.0,12.0,
int4,2,2048,8.0,1.0,56031.2878957773,223338.5425161174,119.11388934192925,9.244400024414062,12.059304448,30.895243264,884.235,98.7,33.8,12.0,
int4,4,2048,8.0,1.0,67205.7113514845,267879.3614367484,142.86899276626585,9.753093719482422,12.059304448,30.895243264,904.1130555555555,97.44444444444444,31.27777777777778,12.0,
int4,8,2048,8.0,1.0,75473.33118805203,300833.7737610008,160.44467933920043,10.080133438110352,12.059304448,52.353302528,929.4235806451611,95.0,27.774193548387096,12.0,
int12,1,128,8.0,1.0,4405.771315608658,17561.233754213077,37.46396534232123,3.166496753692627e-08,12.059304448,20.54160384,214.81199999999998,24.0,9.0,4.0,
int12,2,128,8.0,1.0,8556.897054240855,34107.46010531442,72.7625815580041,0.006697493139654398,12.059304448,20.54160384,305.3548,84.6,46.8,4.0,
int12,4,128,8.0,1.0,16558.093623154786,65999.91960776446,140.79982849656417,0.1172926127910614,12.059304448,20.54160384,417.9754000000001,96.6,52.4,4.0,
int12,8,128,8.0,1.0,29816.65690955927,118848.03913968125,253.54248349798667,1.1328673362731934,12.059304448,20.80374784,538.2524000000001,85.8,43.6,4.0,
int12,1,512,8.0,1.0,16403.787443274156,65384.861153640166,139.48770379443235,0.28065764904022217,12.059304448,20.80374784,676.2034000000001,78.6,38.2,4.0,
int12,2,512,8.0,1.0,29373.426001099888,117081.33791236798,249.77352087971832,1.6772069931030273,12.059304448,20.80374784,702.4748000000001,92.6,48.2,4.0,
int12,4,512,8.0,1.0,45088.94952093077,179722.80573522893,383.4086522351551,5.120964050292969,12.059304448,21.06589184,752.2388571428572,97.42857142857143,43.857142857142854,4.0,
int12,8,512,8.0,1.0,62860.1280338356,250558.03471030705,534.5238073819884,7.682636260986328,12.059304448,22.11446784,828.902,98.1,40.7,4.0,
int12,1,1024,8.0,1.0,28014.5448188841,111664.89017243436,238.21843236785998,5.9014739990234375,12.059304448,22.11446784,872.6946666666668,73.5,28.5,4.0,
int12,2,1024,8.0,1.0,44781.42550856041,178497.02693751044,380.7936574666889,5.197914123535156,12.059304448,22.11446784,829.6082857142857,90.85714285714286,39.857142857142854,4.0,
int12,4,1024,8.0,1.0,59274.1297174545,236264.38436738565,504.0306866504228,8.008613586425781,12.059304448,22.11446784,811.0024,90.0,36.8,4.0,
int12,8,1024,8.0,1.0,71649.26675137416,285591.201086891,609.2612289853674,9.507122039794922,12.059304448,30.972837888,872.780125,87.5,28.75,4.0,
int12,1,2048,8.0,1.0,41694.022299130374,166190.7573719013,354.5402823933894,8.546676635742188,12.059304448,30.972837888,888.8208571428571,99.14285714285714,32.42857142857143,4.0,
int12,2,2048,8.0,1.0,56033.638815071135,223347.91318933188,476.47554813724133,9.200714111328125,12.059304448,30.972837888,904.8814545454545,96.36363636363636,35.72727272727273,4.0,
int12,4,2048,8.0,1.0,67508.72411870024,269087.15858607716,574.0526049836313,9.94797134399414,12.059304448,30.972837888,914.8389411764706,88.88235294117646,26.352941176470587,4.0,
int12,8,2048,8.0,1.0,76363.35741594243,304381.3838196505,649.3469521485878,10.253055572509766,12.059304448,52.296679424,950.774266666667,98.63333333333334,27.3,4.0,
